1195265.000,497058.000,146241.000,13397.000,99857.000,62201.000,56590.000,34453.000,0.000,0.000,-78.000,0.000
801917.000,279110.000,111557.000,96212.000,20730.000,95133.000,82779.000,66860.000,0.000,0.000,-652.000,0.000
250967.000,65941.000,152081.000,70161.000,95639.000,65547.000,39359.000,43368.000,0.000,0.000,144.000,0.000
137968.000,46101.000,63724.000,52055.000,151842.000,33950.000,21097.000,9673.000,0.000,0.000,57.000,0.000
433017.000,60505.000,50452.000,17639.000,152754.000,123419.000,97780.000,76328.000,0.000,0.000,2047.000,0.000
1694547.000,343142.000,258480.000,40842.000,104559.000,67117.000,43201.000,47995.000,0.000,0.000,-370.000,0.000
1861601.000,886149.000,55903.000,159379.000,217768.000,336097.000,169475.000,54339.000,0.000,0.000,58.000,0.000
764010.000,303241.000,10700.000,104345.000,137325.000,142813.000,109505.000,64933.000,0.000,0.000,1299.000,0.000
1245005.000,287969.000,41664.000,51702.000,112969.000,157567.000,144846.000,104720.000,0.000,0.000,-2048.000,0.000
947405.000,212423.000,49076.000,29870.000,150736.000,162753.000,103165.000,48511.000,0.000,0.000,344.000,0.000
408941.000,174711.000,49282.000,36463.000,44505.000,47316.000,21580.000,20558.000,0.000,0.000,631.000,0.000
737253.000,39813.000,12867.000,18097.000,33253.000,21855.000,14592.000,20612.000,0.000,0.000,-1421.000,0.000
1394464.000,462880.000,151821.000,197680.000,273720.000,166197.000,45018.000,28241.000,0.000,0.000,2047.000,0.000
542027.000,93220.000,127704.000,85910.000,67065.000,169805.000,72438.000,47442.000,0.000,0.000,-1853.000,0.000
389988.000,110985.000,70580.000,53048.000,112576.000,111696.000,2986.000,4470.000,0.000,0.000,-690.000,0.000
149512.000,72433.000,104370.000,128676.000,108269.000,31626.000,39031.000,8208.000,0.000,0.000,115.000,0.000
1191854.000,556842.000,162052.000,203003.000,332732.000,252652.000,285090.000,146532.000,0.000,0.000,2047.000,0.000
761605.000,96079.000,23783.000,30157.000,41797.000,33723.000,27058.000,37967.000,0.000,0.000,410.000,0.000
219065.000,24904.000,37029.000,6274.000,30758.000,17368.000,2172.000,1989.000,0.000,0.000,-581.000,0.000
312414.000,208005.000,40315.000,39998.000,49051.000,69309.000,16584.000,25116.000,0.000,0.000,2047.000,0.000
937098.000,696209.000,93226.000,60088.000,421809.000,323839.000,279659.000,106999.000,0.000,0.000,471.000,0.000
1685472.000,498537.000,37742.000,128294.000,63466.000,122133.000,34988.000,20030.000,0.000,0.000,368.000,0.000
139684.000,15939.000,7451.000,5575.000,12889.000,9719.000,3077.000,754.000,0.000,0.000,324.000,0.000
1111973.000,45555.000,25070.000,7459.000,8001.000,14357.000,2662.000,1766.000,0.000,0.000,-484.000,0.000
1069301.000,39102.000,37135.000,9707.000,9950.000,4639.000,1117.000,1822.000,0.000,0.000,179.000,0.000
2329166.000,2063622.000,439444.000,276422.000,187748.000,1492366.000,1447321.000,247433.000,0.000,0.000,341.000,0.000
961376.000,52267.000,32938.000,18416.000,20201.000,13798.000,2646.000,2043.000,0.000,0.000,442.000,0.000
1218075.000,198570.000,83740.000,222272.000,203445.000,132153.000,76297.000,24268.000,0.000,0.000,381.000,0.000
219323.000,14900.000,15224.000,5161.000,12665.000,11082.000,2553.000,2286.000,0.000,0.000,102.000,0.000
1046154.000,113408.000,7381.000,29887.000,147012.000,247145.000,102716.000,79515.000,26.000,37.000,-552.000,0.000
163995.000,145833.000,12480.000,29616.000,98587.000,114076.000,73032.000,35673.000,26.000,37.000,1750.000,0.000
261232.000,61257.000,26974.000,10443.000,28338.000,21612.000,5674.000,5407.000,26.000,37.000,-920.000,0.000
376130.000,105136.000,42803.000,25606.000,43112.000,37923.000,4953.000,8908.000,26.000,37.000,-161.000,0.000
729030.000,26571.000,1274.000,3724.000,1870.000,1450.000,448.000,304.000,26.000,37.000,57.000,0.000
41814.000,102287.000,7298.000,13345.000,3639.000,7870.000,1624.000,5876.000,26.000,37.000,48.000,0.000
2782369.000,169144.000,52037.000,271911.000,70861.000,131400.000,29707.000,25684.000,17.000,20.000,146.000,0.000
315111.000,22918.000,9175.000,14318.000,6482.000,6108.000,1561.000,1225.000,17.000,20.000,44.000,0.000
337257.000,76492.000,34163.000,8425.000,15172.000,13001.000,6904.000,2248.000,17.000,20.000,-40.000,0.000
757306.000,24284.000,9440.000,6599.000,24215.000,9130.000,4956.000,1436.000,16.000,29.000,261.000,0.000
25963.000,2489.000,327.000,155.000,267.000,288.000,219.000,272.000,16.000,29.000,22.000,0.000
1011632.000,595844.000,50877.000,43910.000,49537.000,147156.000,61554.000,37828.000,16.000,16.000,-330.000,0.000
843666.000,31367.000,29737.000,24047.000,41263.000,33997.000,36348.000,16387.000,16.000,16.000,-1427.000,0.000
820255.000,44884.000,11468.000,10243.000,8664.000,4968.000,1457.000,489.000,16.000,16.000,433.000,0.000
1183005.000,46419.000,26556.000,20002.000,25450.000,18509.000,4348.000,2341.000,16.000,16.000,70.000,0.000
1198755.000,175792.000,40380.000,29441.000,24023.000,24996.000,5777.000,2619.000,16.000,16.000,307.000,0.000
192613.000,24389.000,7511.000,592.000,4047.000,3143.000,960.000,572.000,1.000,7.000,-268.000,0.000
855087.000,50961.000,4701.000,3741.000,5605.000,6584.000,1990.000,2022.000,4.000,17.000,56.000,0.000
1206958.000,117382.000,7480.000,8934.000,51492.000,28740.000,24592.000,19002.000,4.000,1.000,33.000,0.000
112314.000,50121.000,20046.000,70761.000,29390.000,17781.000,6622.000,9638.000,20.000,1.000,-57.000,0.000
104115.000,15125.000,32746.000,21846.000,18846.000,18370.000,7764.000,4407.000,23.000,17.000,2.000,0.000
69272.000,15210.000,16182.000,3361.000,3696.000,2854.000,1199.000,791.000,41.000,50.000,-37.000,0.000
90918.000,26561.000,29793.000,18552.000,7407.000,13381.000,6947.000,5327.000,44.000,100.000,8.000,0.000
26448.000,15060.000,14318.000,3982.000,3185.000,4344.000,881.000,1918.000,51.000,100.000,1.000,0.000
74769.000,125349.000,24144.000,47417.000,33419.000,10734.000,5873.000,8198.000,30.000,94.000,-22.000,0.000
21504.000,47614.000,10171.000,20389.000,13109.000,10333.000,6290.000,7083.000,29.000,63.000,139.000,0.000
27744.000,8847.000,5423.000,2179.000,5096.000,1743.000,1570.000,910.000,51.000,60.000,146.000,0.000
114087.000,15002.000,4515.000,37469.000,25837.000,9342.000,4968.000,3324.000,56.000,63.000,39.000,0.000
212508.000,16998.000,2721.000,1417.000,9042.000,6748.000,3240.000,703.000,53.000,67.000,109.000,0.000
49286.000,8602.000,18373.000,23579.000,10588.000,11189.000,3545.000,4461.000,66.000,43.000,101.000,0.000
31702.000,18454.000,26000.000,14621.000,7726.000,12320.000,4725.000,3004.000,74.000,57.000,105.000,0.000
13500.000,20809.000,22278.000,15875.000,7585.000,9767.000,5218.000,4238.000,87.000,69.000,19.000,0.000
8565.000,36962.000,28156.000,15204.000,13438.000,5747.000,7329.000,6008.000,84.000,70.000,73.000,0.000
28798.000,38620.000,11812.000,8211.000,3663.000,5590.000,7899.000,3996.000,61.000,94.000,86.000,0.000
14065.000,16980.000,14460.000,8810.000,7644.000,7448.000,4030.000,2323.000,48.000,80.000,103.000,0.000
22192.000,9396.000,5098.000,6013.000,8141.000,8287.000,5175.000,4150.000,47.000,75.000,88.000,0.000
18606.000,29352.000,14345.000,9747.000,14734.000,8220.000,6166.000,3959.000,61.000,63.000,73.000,0.000
111297.000,33759.000,16412.000,5337.000,7653.000,9997.000,3860.000,3167.000,74.000,56.000,36.000,0.000
128780.000,32269.000,12888.000,13569.000,7144.000,15040.000,7390.000,3615.000,84.000,56.000,21.000,0.000
445952.000,67899.000,51208.000,15698.000,9285.000,16526.000,5634.000,3450.000,88.000,51.000,69.000,0.000
51857.000,17547.000,2864.000,6123.000,12826.000,6975.000,3641.000,4073.000,69.000,57.000,88.000,0.000
195140.000,46638.000,29904.000,5722.000,8051.000,13110.000,3808.000,2892.000,78.000,50.000,53.000,0.000
28302.000,47257.000,13045.000,4009.000,16958.000,8261.000,3517.000,4306.000,75.000,51.000,116.000,0.000
16760.000,16440.000,8091.000,12684.000,7423.000,4986.000,2598.000,6137.000,64.000,43.000,59.000,0.000
21753.000,50956.000,12621.000,8305.000,10163.000,12656.000,3488.000,4633.000,64.000,43.000,71.000,0.000
39125.000,34237.000,23467.000,2013.000,8364.000,4428.000,2222.000,6579.000,57.000,44.000,43.000,0.000
62651.000,59929.000,6914.000,20278.000,10183.000,8635.000,4706.000,3008.000,48.000,47.000,42.000,0.000
52916.000,30991.000,10686.000,13846.000,11118.000,15054.000,6482.000,3048.000,43.000,51.000,72.000,0.000
29714.000,59445.000,2912.000,3201.000,12123.000,9407.000,12396.000,4615.000,56.000,44.000,-21.000,0.000
60486.000,104533.000,5241.000,19271.000,18413.000,12945.000,5344.000,3089.000,51.000,29.000,22.000,0.000
32775.000,8386.000,13416.000,11610.000,3887.000,9248.000,4683.000,3667.000,56.000,14.000,57.000,0.000
230602.000,26628.000,10960.000,6925.000,11222.000,15611.000,3624.000,2572.000,70.000,30.000,7.000,0.000
24972.000,50348.000,9674.000,13475.000,6212.000,5163.000,2004.000,1569.000,77.000,27.000,-104.000,0.000
94112.000,79929.000,4211.000,32163.000,12049.000,11308.000,7208.000,4992.000,66.000,48.000,27.000,0.000
1695.000,13461.000,3269.000,2815.000,2957.000,2141.000,2785.000,450.000,66.000,57.000,64.000,0.000
7552.000,18717.000,4577.000,19255.000,14192.000,10491.000,3972.000,2049.000,53.000,41.000,24.000,0.000
29709.000,43111.000,2445.000,14016.000,6622.000,11014.000,3257.000,3706.000,47.000,48.000,23.000,0.000
20656.000,24312.000,22867.000,28770.000,18470.000,13515.000,5520.000,3897.000,60.000,44.000,2.000,0.000
22878.000,24267.000,4761.000,3510.000,8454.000,6928.000,3956.000,6131.000,69.000,57.000,34.000,0.000
5007.000,1447.000,475.000,4146.000,1505.000,3711.000,966.000,888.000,80.000,54.000,73.000,0.000
39823.000,131686.000,23194.000,8718.000,3171.000,12500.000,5065.000,3907.000,90.000,57.000,102.000,0.000
30198.000,50931.000,17054.000,16731.000,4347.000,7278.000,7471.000,3070.000,75.000,54.000,59.000,0.000
16773.000,18680.000,6579.000,3721.000,7778.000,8174.000,8643.000,4880.000,61.000,48.000,137.000,0.000
17842.000,10541.000,5684.000,3275.000,2118.000,830.000,1040.000,717.000,61.000,51.000,52.000,0.000
67839.000,33389.000,15483.000,9438.000,11138.000,13258.000,8401.000,2202.000,23.000,50.000,49.000,0.000
639026.000,68173.000,7586.000,17723.000,10022.000,6329.000,3211.000,2584.000,37.000,56.000,81.000,0.000
16945.000,4113.000,8197.000,13670.000,8626.000,11165.000,9238.000,5874.000,30.000,50.000,73.000,0.000
113035.000,81207.000,18970.000,76938.000,10824.000,8811.000,4294.000,1914.000,38.000,63.000,67.000,0.000
13119.000,8257.000,2448.000,6100.000,953.000,3621.000,2421.000,1055.000,41.000,67.000,64.000,0.000
103565.000,72033.000,13155.000,18486.000,11423.000,6185.000,6463.000,6606.000,41.000,75.000,64.000,0.000
19903.000,27896.000,8002.000,6226.000,2217.000,2821.000,924.000,1214.000,41.000,78.000,42.000,0.000
20791.000,33568.000,16330.000,19636.000,18485.000,17561.000,1782.000,4097.000,14.000,67.000,10.000,0.000
5857.000,28238.000,20853.000,3189.000,6435.000,14361.000,5049.000,2591.000,37.000,60.000,103.000,0.000
25890.000,37010.000,20169.000,14420.000,14719.000,12436.000,5864.000,5543.000,41.000,54.000,36.000,0.000
21481.000,36397.000,13547.000,4994.000,11535.000,7739.000,3615.000,3188.000,56.000,60.000,23.000,0.000
36829.000,18477.000,18537.000,6038.000,6944.000,5731.000,6943.000,3051.000,67.000,57.000,70.000,0.000
39987.000,36875.000,5350.000,7343.000,2098.000,10418.000,4258.000,7602.000,60.000,63.000,57.000,0.000
21185.000,97566.000,13631.000,5387.000,31230.000,8992.000,9304.000,6191.000,54.000,53.000,-445.000,0.000
1119880.000,137707.000,26150.000,19620.000,20360.000,8318.000,5023.000,1387.000,43.000,37.000,52.000,0.000
12512.000,2457.000,2065.000,1037.000,4885.000,1660.000,1227.000,1109.000,26.000,34.000,48.000,0.000
6951.000,6717.000,3769.000,14157.000,5374.000,8827.000,6157.000,6263.000,37.000,24.000,42.000,0.000
23514.000,43696.000,3296.000,4388.000,3512.000,8265.000,3499.000,3999.000,44.000,40.000,90.000,0.000
275694.000,86291.000,21759.000,20221.000,28855.000,5275.000,9991.000,7167.000,56.000,41.000,-88.000,0.000
233616.000,31426.000,9568.000,24889.000,10969.000,19888.000,8505.000,4391.000,54.000,44.000,108.000,0.000
24410.000,10700.000,1020.000,1914.000,3142.000,2577.000,1247.000,909.000,53.000,50.000,117.000,0.000
134453.000,52121.000,13531.000,31962.000,36855.000,9662.000,6261.000,4128.000,44.000,27.000,71.000,0.000
32467.000,12354.000,32155.000,14558.000,26889.000,9852.000,9699.000,8236.000,37.000,43.000,163.000,0.000
37910.000,13864.000,7387.000,3499.000,13465.000,12550.000,11157.000,7919.000,56.000,56.000,37.000,0.000
8802.000,28545.000,13577.000,25050.000,9061.000,6517.000,4981.000,2548.000,64.000,47.000,56.000,0.000
6662.000,18713.000,1879.000,3011.000,7628.000,11302.000,5177.000,4625.000,54.000,69.000,113.000,0.000
31827.000,1048.000,5662.000,70585.000,14034.000,8031.000,4785.000,3454.000,77.000,53.000,101.000,0.000
28090.000,15914.000,12403.000,26307.000,9995.000,9538.000,9550.000,9868.000,70.000,61.000,144.000,0.000
102879.000,4555.000,2428.000,2266.000,2289.000,1684.000,1540.000,1605.000,56.000,75.000,119.000,0.000
8448.000,19930.000,2319.000,32174.000,5931.000,12959.000,4518.000,4391.000,64.000,64.000,82.000,0.000
36369.000,17074.000,11082.000,58246.000,8644.000,5833.000,3819.000,2784.000,54.000,84.000,45.000,0.000
30376.000,23119.000,16090.000,17893.000,1997.000,9666.000,5835.000,5993.000,48.000,80.000,88.000,0.000
14081.000,16630.000,2518.000,10269.000,5962.000,13813.000,11601.000,5583.000,48.000,80.000,98.000,0.000
515716.000,114639.000,32849.000,14437.000,35280.000,37415.000,9615.000,4833.000,61.000,75.000,242.000,0.000
94129.000,3208.000,1059.000,3098.000,724.000,654.000,543.000,368.000,63.000,60.000,33.000,0.000
14492.000,10765.000,4145.000,15683.000,12079.000,5924.000,4308.000,2961.000,66.000,51.000,12.000,0.000
634617.000,35679.000,6311.000,8927.000,4342.000,8679.000,3049.000,3177.000,67.000,47.000,35.000,0.000
13262.000,24903.000,15657.000,15629.000,4833.000,11354.000,5791.000,6170.000,54.000,47.000,73.000,0.000
31097.000,21685.000,4134.000,13011.000,9268.000,14832.000,3278.000,4185.000,51.000,57.000,50.000,0.000
22758.000,9954.000,6482.000,23452.000,5000.000,3405.000,6720.000,6389.000,74.000,48.000,72.000,0.000
20580.000,4291.000,5855.000,1477.000,1549.000,1478.000,1082.000,1120.000,61.000,57.000,64.000,0.000
70757.000,32773.000,11041.000,4722.000,10916.000,9424.000,4797.000,3537.000,56.000,70.000,43.000,0.000
45435.000,32841.000,23147.000,7784.000,11740.000,12085.000,10348.000,3506.000,56.000,61.000,81.000,0.000
65238.000,54470.000,18501.000,24018.000,16715.000,11198.000,5628.000,6620.000,47.000,66.000,12.000,0.000
105188.000,42263.000,18133.000,13286.000,6449.000,8419.000,5678.000,4708.000,50.000,53.000,11.000,0.000
9699.000,3269.000,2455.000,3690.000,1860.000,1754.000,3225.000,1018.000,50.000,48.000,123.000,0.000
80598.000,31587.000,2079.000,15316.000,9771.000,12224.000,7551.000,3910.000,47.000,57.000,60.000,0.000
40558.000,29872.000,5548.000,11759.000,6787.000,7494.000,4044.000,2730.000,51.000,51.000,58.000,0.000
48004.000,18783.000,18252.000,9303.000,4802.000,12788.000,4200.000,3251.000,56.000,50.000,60.000,0.000
7119.000,13129.000,10664.000,9508.000,4010.000,10009.000,14922.000,3168.000,67.000,53.000,10.000,0.000
2801.000,3849.000,5755.000,8827.000,17234.000,7057.000,6543.000,4116.000,74.000,50.000,72.000,0.000
4053.000,7314.000,1658.000,8450.000,1363.000,3654.000,3298.000,822.000,80.000,56.000,164.000,0.000
52337.000,33592.000,8548.000,16678.000,5644.000,6965.000,10013.000,6610.000,84.000,63.000,25.000,0.000
18517.000,30985.000,2684.000,11534.000,4360.000,11169.000,2300.000,4400.000,70.000,60.000,45.000,0.000
1972.000,13872.000,6019.000,7496.000,4792.000,9682.000,6498.000,3783.000,69.000,50.000,57.000,0.000
20087.000,19059.000,3431.000,7100.000,5057.000,5747.000,7481.000,2060.000,69.000,48.000,76.000,0.000
15586.000,9066.000,3833.000,2341.000,6114.000,5889.000,8763.000,4292.000,67.000,40.000,36.000,0.000
482207.000,9206.000,1873.000,20673.000,6674.000,4427.000,6571.000,2596.000,87.000,34.000,48.000,0.000
10244.000,6063.000,4207.000,6939.000,9949.000,7230.000,12031.000,3898.000,78.000,48.000,73.000,0.000
3260.000,4217.000,9530.000,9267.000,4307.000,5123.000,11645.000,6059.000,81.000,47.000,64.000,0.000
54384.000,23138.000,9295.000,13700.000,13099.000,6381.000,3004.000,2478.000,83.000,63.000,76.000,0.000
15825.000,21545.000,11838.000,18613.000,14146.000,6484.000,8890.000,3552.000,67.000,69.000,34.000,0.000
12175.000,9398.000,20106.000,20775.000,20745.000,15135.000,5514.000,2040.000,66.000,63.000,108.000,0.000
74608.000,41255.000,20400.000,7343.000,41619.000,12536.000,5335.000,2737.000,61.000,69.000,98.000,0.000
28683.000,26593.000,12400.000,17867.000,14867.000,4745.000,5294.000,4704.000,57.000,53.000,57.000,0.000
1552.000,6611.000,4191.000,9357.000,10938.000,5487.000,3402.000,1385.000,51.000,54.000,-22.000,0.000
5340.000,9238.000,4493.000,26920.000,7507.000,17836.000,5590.000,4236.000,63.000,53.000,69.000,0.000
1972.000,17177.000,1205.000,3511.000,9378.000,6391.000,6370.000,2729.000,69.000,53.000,67.000,0.000
33949.000,8955.000,8599.000,14237.000,8413.000,11521.000,5975.000,2604.000,77.000,44.000,57.000,0.000
74401.000,135360.000,3785.000,6986.000,7376.000,6668.000,8459.000,5371.000,97.000,47.000,101.000,0.000
27191.000,4276.000,3132.000,16388.000,4051.000,6416.000,6992.000,2984.000,70.000,24.000,91.000,0.000
3581.000,5103.000,5872.000,52036.000,6398.000,4437.000,9830.000,2379.000,64.000,29.000,70.000,0.000
83076.000,58500.000,24853.000,25470.000,12462.000,6872.000,6181.000,3962.000,41.000,64.000,40.000,0.000
6266.000,12042.000,4537.000,29791.000,8835.000,4748.000,8795.000,3014.000,14.000,63.000,40.000,0.000
57855.000,12433.000,5384.000,36612.000,8198.000,6686.000,8527.000,8395.000,26.000,94.000,1.000,0.000
15153.000,10364.000,4269.000,16656.000,8389.000,4331.000,4049.000,1738.000,14.000,94.000,21.000,0.000
46593.000,43619.000,10566.000,6391.000,8058.000,9699.000,4529.000,5416.000,26.000,80.000,88.000,0.000
11540.000,19453.000,8213.000,9535.000,6164.000,13307.000,2505.000,5058.000,40.000,70.000,42.000,0.000
4473.000,7972.000,8982.000,7384.000,6017.000,11441.000,5861.000,3089.000,57.000,60.000,103.000,0.000
37154.000,15632.000,1669.000,12306.000,9180.000,4911.000,4559.000,2851.000,78.000,51.000,38.000,0.000
27377.000,29067.000,1194.000,7417.000,15765.000,7044.000,2531.000,1882.000,81.000,43.000,81.000,0.000
44154.000,18447.000,2495.000,9620.000,6901.000,6818.000,3677.000,3633.000,83.000,38.000,81.000,0.000
22949.000,14039.000,18036.000,4090.000,6306.000,9320.000,11000.000,2517.000,77.000,35.000,71.000,0.000
16079.000,11510.000,4383.000,22966.000,9510.000,14811.000,1701.000,2998.000,67.000,37.000,71.000,0.000
1123.000,15882.000,31473.000,27484.000,9673.000,9312.000,3478.000,3295.000,81.000,41.000,36.000,0.000
6444.000,8236.000,10453.000,6116.000,5914.000,9170.000,4859.000,2561.000,75.000,64.000,54.000,0.000
21723.000,7544.000,12955.000,10732.000,5043.000,17824.000,11427.000,7195.000,81.000,74.000,34.000,0.000
7408.000,10427.000,8181.000,64514.000,12483.000,7768.000,9097.000,3819.000,93.000,75.000,29.000,0.000
45858.000,14928.000,2399.000,7882.000,7567.000,3059.000,5323.000,1984.000,70.000,87.000,52.000,0.000
6212.000,5605.000,7129.000,11928.000,14275.000,2818.000,4638.000,2512.000,69.000,70.000,51.000,0.000
3448.000,4273.000,10037.000,36659.000,11730.000,10956.000,9081.000,5031.000,53.000,74.000,61.000,0.000
73155.000,24598.000,4360.000,9214.000,9051.000,13082.000,4389.000,2067.000,40.000,81.000,60.000,0.000
6254.000,23488.000,5426.000,28106.000,17709.000,10496.000,4307.000,2795.000,57.000,60.000,17.000,0.000
1800.000,14424.000,4435.000,23700.000,14686.000,6932.000,7022.000,3250.000,64.000,64.000,85.000,0.000
357604.000,18525.000,30154.000,20083.000,4503.000,5191.000,11666.000,2521.000,70.000,63.000,157.000,0.000
37900.000,29734.000,10899.000,18978.000,8793.000,5554.000,5953.000,3080.000,54.000,64.000,68.000,0.000
93241.000,36227.000,3285.000,31091.000,10416.000,5202.000,3876.000,3414.000,37.000,74.000,83.000,0.000
12057.000,3219.000,2664.000,1924.000,1466.000,4148.000,1920.000,844.000,21.000,74.000,61.000,0.000
2684.000,7569.000,14074.000,10152.000,4717.000,9735.000,5809.000,3986.000,40.000,69.000,27.000,0.000
12887.000,8816.000,978.000,4791.000,4329.000,10311.000,9696.000,2784.000,60.000,63.000,73.000,0.000
1309.000,3801.000,5374.000,18807.000,7458.000,11400.000,8234.000,2101.000,90.000,53.000,153.000,0.000
14124.000,7416.000,5337.000,12957.000,7862.000,11213.000,6055.000,4625.000,100.000,56.000,114.000,0.000
39399.000,7727.000,22519.000,5208.000,4638.000,14404.000,6730.000,2299.000,100.000,60.000,86.000,0.000
191848.000,67746.000,13553.000,4319.000,18751.000,21721.000,4688.000,5377.000,100.000,60.000,51.000,0.000
287534.000,80804.000,4204.000,21780.000,3409.000,14351.000,8169.000,3479.000,94.000,54.000,85.000,0.000
3806.000,10054.000,3560.000,8933.000,6259.000,15370.000,3244.000,2096.000,80.000,40.000,32.000,0.000
11935.000,40765.000,6151.000,9715.000,5354.000,7497.000,3923.000,1801.000,87.000,34.000,69.000,0.000
36703.000,24124.000,14635.000,13029.000,4084.000,6673.000,5583.000,7480.000,70.000,21.000,66.000,0.000
6056.000,1719.000,2391.000,2533.000,802.000,2646.000,2016.000,753.000,63.000,37.000,33.000,0.000
17185.000,28551.000,5154.000,14605.000,27434.000,6060.000,11738.000,2286.000,78.000,51.000,74.000,0.000
61548.000,42691.000,15779.000,60764.000,11466.000,9186.000,13667.000,4163.000,53.000,48.000,105.000,0.000
59093.000,78526.000,49933.000,16159.000,21318.000,6959.000,5565.000,1761.000,44.000,63.000,56.000,0.000
6415.000,8234.000,3394.000,20450.000,8883.000,7430.000,11194.000,2755.000,29.000,61.000,-21.000,0.000
18130.000,15166.000,3655.000,30518.000,5552.000,4820.000,9312.000,2359.000,21.000,61.000,68.000,0.000
28542.000,17091.000,8425.000,4109.000,6667.000,7490.000,3951.000,2792.000,17.000,78.000,88.000,0.000
13162.000,12972.000,18001.000,11311.000,3162.000,8403.000,9460.000,4025.000,35.000,66.000,32.000,0.000
36802.000,24767.000,4391.000,5307.000,6031.000,11550.000,3290.000,3333.000,54.000,74.000,75.000,0.000
13987.000,15179.000,4856.000,48056.000,6294.000,6185.000,3892.000,3165.000,60.000,57.000,54.000,0.000
20904.000,8463.000,2135.000,30307.000,5652.000,10299.000,7516.000,3835.000,60.000,61.000,27.000,0.000
42215.000,13029.000,16403.000,18555.000,7529.000,8624.000,12354.000,1699.000,60.000,75.000,43.000,0.000
7330.000,10744.000,5592.000,19251.000,6358.000,13495.000,7792.000,11313.000,60.000,74.000,84.000,0.000
19288.000,16482.000,855.000,4238.000,7877.000,2578.000,1879.000,665.000,61.000,88.000,10.000,0.000
22681.000,11535.000,17629.000,23446.000,15094.000,8616.000,5569.000,2210.000,66.000,63.000,50.000,0.000
10099.000,18189.000,16615.000,2050.000,12023.000,14821.000,9508.000,2801.000,60.000,61.000,82.000,0.000
6936.000,10605.000,8639.000,37834.000,25496.000,40193.000,4374.000,7200.000,70.000,51.000,128.000,0.000
15275.000,79532.000,10113.000,2543.000,4896.000,9722.000,4246.000,2952.000,80.000,47.000,4.000,0.000
37362.000,30651.000,4050.000,20193.000,6948.000,7075.000,4764.000,5386.000,78.000,44.000,60.000,0.000
4504.000,10288.000,3445.000,6779.000,11328.000,9538.000,5214.000,1311.000,74.000,37.000,32.000,0.000
5309.000,24766.000,5147.000,12477.000,9125.000,4679.000,4822.000,7432.000,75.000,30.000,72.000,0.000
45246.000,34390.000,2504.000,23957.000,17091.000,12127.000,4451.000,2433.000,48.000,29.000,38.000,0.000
38564.000,26033.000,2966.000,14588.000,4139.000,9892.000,6742.000,2645.000,56.000,40.000,69.000,0.000
12183.000,19419.000,5179.000,3521.000,7287.000,18469.000,6961.000,3466.000,64.000,38.000,80.000,0.000
7194.000,18408.000,5779.000,8641.000,15763.000,9443.000,4617.000,3785.000,70.000,34.000,70.000,0.000
45342.000,13528.000,3128.000,5135.000,8272.000,8519.000,14831.000,2579.000,83.000,30.000,6.000,0.000
33354.000,6964.000,7333.000,19558.000,12597.000,10695.000,4664.000,2402.000,94.000,27.000,80.000,0.000
29923.000,32005.000,23464.000,7200.000,6989.000,14942.000,5859.000,4864.000,97.000,37.000,68.000,0.000
44696.000,27023.000,4795.000,16855.000,14272.000,12230.000,4721.000,3848.000,83.000,47.000,48.000,0.000
6348.000,10630.000,3806.000,8793.000,3803.000,6746.000,5626.000,4143.000,81.000,48.000,113.000,0.000
87695.000,17162.000,4059.000,46408.000,26678.000,12254.000,6528.000,3749.000,77.000,54.000,58.000,0.000
650244.000,27925.000,13504.000,13427.000,16225.000,7305.000,5138.000,5537.000,67.000,54.000,38.000,0.000
804840.000,38369.000,2925.000,7918.000,13145.000,1691.000,3092.000,1131.000,61.000,54.000,133.000,0.000
377930.000,5880.000,336.000,7049.000,1747.000,1562.000,1910.000,518.000,35.000,48.000,43.000,0.000
32635.000,12573.000,9188.000,6011.000,11650.000,5756.000,5804.000,3625.000,23.000,53.000,96.000,0.000
198309.000,12489.000,59601.000,6510.000,19764.000,16152.000,5054.000,3916.000,27.000,47.000,89.000,0.000
27115.000,17949.000,1444.000,5484.000,4154.000,11616.000,8275.000,1941.000,35.000,56.000,38.000,0.000
12631.000,20097.000,5132.000,7520.000,3783.000,8171.000,6721.000,2780.000,70.000,56.000,38.000,0.000
12341.000,15659.000,17564.000,10893.000,9752.000,11942.000,6988.000,2636.000,81.000,48.000,37.000,0.000
8881.000,7367.000,6331.000,10260.000,5502.000,6316.000,8268.000,3184.000,84.000,51.000,92.000,0.000
47271.000,78340.000,29794.000,20002.000,16735.000,10899.000,6278.000,1995.000,88.000,47.000,24.000,0.000
8395.000,6225.000,12863.000,4819.000,5490.000,9444.000,2571.000,1885.000,64.000,56.000,75.000,0.000
8395.000,4983.000,12053.000,13852.000,3952.000,11480.000,9444.000,4598.000,70.000,64.000,22.000,0.000
6505.000,6418.000,553.000,26754.000,14159.000,4237.000,2155.000,3457.000,75.000,69.000,43.000,0.000
104879.000,105291.000,41133.000,50721.000,27434.000,11605.000,11295.000,2480.000,64.000,70.000,66.000,0.000
657.000,5522.000,3363.000,8480.000,8677.000,15216.000,6953.000,1264.000,60.000,75.000,58.000,0.000
2911.000,11467.000,1589.000,17863.000,10332.000,10132.000,4633.000,2992.000,66.000,66.000,49.000,0.000
62875.000,29422.000,6004.000,11782.000,19236.000,11120.000,4280.000,10671.000,61.000,57.000,109.000,0.000
5778.000,17039.000,8631.000,11581.000,8929.000,5238.000,6361.000,1516.000,67.000,44.000,38.000,0.000
47687.000,183373.000,72195.000,49301.000,22327.000,5663.000,10651.000,7176.000,80.000,43.000,40.000,0.000
169461.000,48457.000,1455.000,7036.000,10292.000,9208.000,8136.000,3239.000,38.000,48.000,10.000,0.000
3756.000,28672.000,9228.000,1502.000,25770.000,9804.000,3484.000,4660.000,34.000,30.000,43.000,0.000
4816.000,7262.000,3512.000,4143.000,17210.000,16553.000,5724.000,2358.000,37.000,26.000,92.000,0.000
11994.000,11312.000,9690.000,1715.000,4157.000,12122.000,6297.000,5634.000,60.000,13.000,55.000,0.000
79919.000,36777.000,5822.000,2606.000,11085.000,11158.000,5344.000,4923.000,83.000,13.000,45.000,0.000
2944.000,13729.000,4961.000,9701.000,5563.000,5441.000,6614.000,3385.000,80.000,13.000,39.000,0.000
4062.000,6318.000,561.000,10827.000,12676.000,14923.000,8507.000,2757.000,61.000,26.000,72.000,0.000
600.000,22868.000,16660.000,22414.000,14771.000,6816.000,5784.000,2155.000,84.000,30.000,100.000,0.000
27663.000,44857.000,7742.000,6668.000,24009.000,17187.000,10059.000,3665.000,69.000,40.000,56.000,0.000
15058.000,16287.000,3143.000,3966.000,5769.000,4269.000,7419.000,5417.000,70.000,41.000,73.000,0.000
1314.000,6323.000,12614.000,6327.000,5444.000,12538.000,12345.000,3514.000,70.000,34.000,75.000,0.000
64835.000,131385.000,33151.000,25459.000,32430.000,5537.000,5796.000,3873.000,66.000,43.000,90.000,0.000
9974.000,14311.000,11311.000,8380.000,10196.000,12543.000,8508.000,1850.000,53.000,34.000,-20.000,0.000
399132.000,73417.000,4914.000,1922.000,4287.000,2966.000,3413.000,1565.000,54.000,44.000,64.000,0.000
66227.000,101635.000,49339.000,10454.000,5772.000,6634.000,2711.000,2565.000,38.000,34.000,26.000,0.000
256109.000,72653.000,37670.000,42082.000,4253.000,11383.000,7279.000,2445.000,13.000,27.000,21.000,0.000
30944.000,9224.000,4744.000,4062.000,3546.000,3924.000,1133.000,1113.000,23.000,38.000,53.000,0.000
672000.000,86746.000,24500.000,12746.000,13734.000,8285.000,3980.000,2911.000,17.000,38.000,96.000,0.000
160962.000,23507.000,13783.000,1758.000,4823.000,5168.000,1980.000,921.000,24.000,53.000,151.000,0.000
33479.000,5477.000,192.000,7103.000,1226.000,2712.000,563.000,668.000,37.000,50.000,122.000,0.000
17388.000,34646.000,3119.000,8088.000,9637.000,5335.000,5203.000,1714.000,48.000,48.000,66.000,0.000
23610.000,9175.000,1243.000,2720.000,8617.000,3323.000,5298.000,2993.000,40.000,40.000,33.000,0.000
70482.000,4991.000,6959.000,15040.000,5605.000,3588.000,2998.000,1029.000,53.000,34.000,39.000,0.000
99136.000,10334.000,1275.000,5980.000,4369.000,8494.000,7262.000,1950.000,53.000,47.000,27.000,0.000
6427.000,5975.000,2859.000,14846.000,5354.000,10159.000,5426.000,2487.000,61.000,37.000,72.000,0.000
5783.000,24297.000,1530.000,8123.000,10003.000,10823.000,6209.000,4957.000,75.000,51.000,86.000,0.000
6806.000,18221.000,8218.000,11940.000,12052.000,5490.000,5427.000,1976.000,77.000,53.000,73.000,0.000
51637.000,123332.000,43387.000,7645.000,11125.000,9238.000,3341.000,2757.000,77.000,41.000,65.000,0.000
27473.000,7121.000,23786.000,11359.000,10688.000,6153.000,6846.000,3309.000,54.000,43.000,84.000,0.000
9143.000,5659.000,12903.000,9968.000,4004.000,8435.000,5959.000,3540.000,44.000,48.000,68.000,0.000
69464.000,17363.000,9521.000,2552.000,1984.000,3150.000,645.000,897.000,47.000,67.000,112.000,0.000
144526.000,106824.000,20372.000,11371.000,18219.000,5726.000,3700.000,1955.000,43.000,67.000,118.000,0.000
6331.000,3546.000,1286.000,903.000,1707.000,1739.000,902.000,526.000,40.000,63.000,36.000,0.000
117620.000,117233.000,33343.000,8029.000,11265.000,9619.000,6190.000,4376.000,47.000,48.000,70.000,0.000
25559.000,10265.000,15505.000,7136.000,21101.000,12892.000,9881.000,2896.000,29.000,30.000,72.000,0.000
7008.000,7778.000,698.000,9979.000,2455.000,4290.000,4087.000,1098.000,41.000,30.000,53.000,0.000
288338.000,41426.000,5270.000,8157.000,8587.000,11935.000,5975.000,3999.000,60.000,43.000,57.000,0.000
808116.000,78480.000,2113.000,18654.000,4151.000,3170.000,794.000,482.000,56.000,38.000,265.000,0.000
170610.000,35840.000,24792.000,6164.000,8390.000,6419.000,4268.000,3864.000,56.000,38.000,-52.000,0.000
14818.000,5913.000,1935.000,1331.000,827.000,460.000,164.000,80.000,56.000,38.000,56.000,0.000
3.000,3.000,0.000,0.000,0.000,1.000,1.000,0.000,56.000,38.000,57.000,0.000
1.000,0.000,0.000,2.000,0.000,1.000,1.000,0.000,56.000,38.000,57.000,0.000
3045.000,333.000,120.000,99.000,50.000,20.000,22.000,296.000,56.000,38.000,64.000,0.000
134179.000,8619.000,7972.000,2370.000,2855.000,2039.000,183.000,6881.000,56.000,38.000,70.000,0.000
67495.000,6079.000,815.000,1038.000,1397.000,1586.000,186.000,3500.000,0.000,0.000,26.000,0.000
610962.000,31251.000,8039.000,6197.000,5319.000,4283.000,1190.000,16903.000,0.000,0.000,163.000,0.000
625467.000,102362.000,81439.000,25766.000,6982.000,18399.000,2810.000,81149.000,0.000,0.000,204.000,0.000
1240624.000,64504.000,3651.000,3105.000,3885.000,7810.000,1914.000,13041.000,0.000,0.000,17.000,0.000
170959.000,7409.000,3914.000,3354.000,1569.000,1211.000,378.000,3345.000,0.000,0.000,76.000,0.000
778153.000,33747.000,3484.000,5178.000,9524.000,5715.000,1767.000,19124.000,0.000,0.000,176.000,0.000
53334.000,11692.000,5171.000,1656.000,2048.000,2070.000,338.000,3712.000,0.000,0.000,3.000,0.000
726774.000,126955.000,28186.000,14169.000,7819.000,3646.000,616.000,11428.000,0.000,0.000,-59.000,0.000
373096.000,21461.000,2922.000,1371.000,2307.000,547.000,447.000,2970.000,0.000,0.000,0.000,0.000
178555.000,8606.000,5238.000,2504.000,1185.000,844.000,383.000,3445.000,0.000,0.000,42.000,0.000
50435.000,5628.000,7687.000,4214.000,2855.000,1291.000,256.000,3927.000,0.000,0.000,157.000,0.000
618472.000,19626.000,865.000,3662.000,1427.000,983.000,355.000,2821.000,0.000,0.000,22.000,0.000
254969.000,34533.000,15352.000,10521.000,6349.000,2507.000,927.000,18220.000,0.000,0.000,18.000,0.000
624638.000,53120.000,26763.000,7205.000,5202.000,5338.000,1494.000,13069.000,0.000,0.000,182.000,0.000
385227.000,36549.000,33472.000,6243.000,4083.000,6594.000,884.000,17874.000,0.000,0.000,49.000,0.000
26449.000,9522.000,9494.000,2632.000,1164.000,909.000,113.000,4236.000,0.000,0.000,-10.000,0.000
263188.000,327462.000,41539.000,20669.000,18867.000,20116.000,3573.000,66984.000,0.000,0.000,-91.000,0.000
100396.000,43056.000,3364.000,2443.000,2060.000,2062.000,719.000,3564.000,0.000,0.000,36.000,0.000
122105.000,41718.000,35821.000,4302.000,6993.000,6630.000,890.000,14909.000,0.000,0.000,197.000,0.000
272804.000,33043.000,2900.000,1336.000,2446.000,907.000,318.000,3421.000,0.000,0.000,105.000,0.000
429258.000,87294.000,13866.000,16846.000,11063.000,2610.000,1606.000,14485.000,0.000,0.000,83.000,0.000
118301.000,17195.000,2054.000,1329.000,2261.000,1253.000,250.000,3138.000,0.000,0.000,280.000,0.000
174260.000,42640.000,42996.000,57932.000,8525.000,39265.000,4245.000,20519.000,0.000,0.000,-409.000,0.000
407873.000,104388.000,32029.000,45132.000,15514.000,24727.000,33151.000,66021.000,0.000,0.000,-104.000,0.000
278579.000,259575.000,255934.000,59715.000,4154.000,35721.000,13549.000,104940.000,0.000,0.000,-102.000,0.000
526571.000,94473.000,29407.000,14127.000,7792.000,9217.000,5471.000,27271.000,0.000,0.000,-369.000,0.000
1458878.000,1422296.000,404505.000,247841.000,29225.000,281631.000,83589.000,409157.000,0.000,0.000,38.000,0.000
1243154.000,1102607.000,482535.000,420680.000,33351.000,218683.000,83505.000,388460.000,0.000,0.000,181.000,0.000
289233.000,219098.000,116958.000,164292.000,14968.000,45381.000,10245.000,93448.000,0.000,0.000,155.000,0.000
1493939.000,94939.000,52351.000,57111.000,13416.000,44621.000,8494.000,112908.000,0.000,0.000,486.000,0.000
733405.000,242590.000,152050.000,102721.000,13875.000,90928.000,22699.000,89559.000,0.000,0.000,250.000,0.000
254112.000,192134.000,372646.000,211871.000,3629.000,101343.000,12783.000,89199.000,0.000,0.000,165.000,0.000
545618.000,114452.000,148027.000,100258.000,11122.000,55604.000,22872.000,100420.000,0.000,0.000,345.000,0.000
165558.000,127089.000,341887.000,158311.000,8052.000,80365.000,13038.000,102742.000,0.000,0.000,-66.000,0.000
307884.000,394679.000,81839.000,28170.000,9401.000,49919.000,6713.000,96756.000,0.000,0.000,-134.000,0.000
49955.000,197481.000,225592.000,59703.000,7240.000,40019.000,33238.000,95653.000,0.000,0.000,-119.000,0.000
1685146.000,237860.000,26652.000,82420.000,7148.000,46901.000,8790.000,93836.000,0.000,0.000,-354.000,0.000
1886418.000,217726.000,34160.000,201437.000,9296.000,57901.000,12652.000,102548.000,0.000,0.000,-113.000,0.000
1017917.000,254549.000,24752.000,83820.000,39750.000,17793.000,40011.000,80831.000,0.000,0.000,-85.000,0.000
165930.000,50832.000,69440.000,13184.000,4930.000,17216.000,2705.000,29513.000,0.000,0.000,-173.000,0.000
797251.000,776315.000,689061.000,356144.000,14413.000,212193.000,43401.000,365334.000,0.000,0.000,283.000,0.000
226267.000,234361.000,117385.000,114404.000,18675.000,87034.000,35942.000,108134.000,0.000,0.000,294.000,0.000
1037153.000,990462.000,808062.000,418188.000,32408.000,129650.000,70140.000,394638.000,0.000,0.000,218.000,0.000
847343.000,284262.000,119006.000,89187.000,10086.000,71896.000,14934.000,97838.000,0.000,0.000,569.000,0.000
297905.000,300686.000,343399.000,392487.000,13124.000,74958.000,30466.000,90534.000,0.000,0.000,278.000,0.000
2258070.000,221836.000,35612.000,96885.000,8475.000,44763.000,10972.000,104600.000,0.000,0.000,237.000,0.000
1269326.000,1174199.000,130588.000,637707.000,19130.000,156272.000,71815.000,406921.000,0.000,0.000,420.000,0.000
233446.000,171556.000,95629.000,173461.000,12604.000,53839.000,19170.000,85845.000,0.000,0.000,51.000,0.000
1021371.000,81738.000,126864.000,131840.000,4988.000,53189.000,22029.000,106402.000,0.000,0.000,-39.000,0.000
301610.000,207239.000,31510.000,121538.000,9324.000,52355.000,20937.000,82497.000,0.000,0.000,128.000,0.000
239206.000,162927.000,58022.000,321200.000,17169.000,24739.000,27221.000,93749.000,0.000,0.000,-196.000,0.000
1945323.000,2265778.000,655647.000,592805.000,44321.000,218969.000,49593.000,422048.000,0.000,0.000,-164.000,0.000
1877483.000,411825.000,672737.000,221671.000,47390.000,257294.000,42218.000,344069.000,0.000,0.000,-136.000,0.000
1009452.000,128992.000,39784.000,77999.000,14307.000,70304.000,15614.000,123243.000,0.000,0.000,-438.000,0.000
379776.000,190005.000,71135.000,54965.000,10820.000,41901.000,17983.000,100377.000,0.000,0.000,-185.000,0.000
884014.000,237786.000,44456.000,56107.000,17446.000,30778.000,30156.000,88405.000,0.000,0.000,-54.000,0.000
560321.000,82504.000,74902.000,350891.000,16019.000,32702.000,37124.000,121187.000,0.000,0.000,-269.000,0.000
3128053.000,1580211.000,45896.000,211243.000,44851.000,335834.000,17523.000,419599.000,0.000,0.000,136.000,0.000
115182.000,35532.000,41978.000,26216.000,1792.000,9094.000,3147.000,25045.000,0.000,0.000,177.000,0.000
107717.000,120425.000,392019.000,156134.000,6970.000,87446.000,13022.000,106261.000,0.000,0.000,112.000,0.000
945432.000,224300.000,77137.000,75645.000,12696.000,78165.000,21049.000,87627.000,0.000,0.000,517.000,0.000
1992127.000,1617480.000,770380.000,727967.000,52529.000,110194.000,61457.000,403720.000,0.000,0.000,274.000,0.000
845055.000,116801.000,126558.000,215632.000,16889.000,63953.000,13500.000,80196.000,0.000,0.000,169.000,0.000
860941.000,310459.000,39262.000,173520.000,8470.000,31191.000,13564.000,107179.000,0.000,0.000,425.000,0.000
868534.000,338739.000,154450.000,58023.000,10100.000,53154.000,30137.000,107199.000,0.000,0.000,51.000,0.000
399487.000,276301.000,258961.000,160380.000,23939.000,38225.000,15111.000,105787.000,0.000,0.000,-7.000,0.000
475549.000,162318.000,57385.000,82876.000,14483.000,21913.000,31034.000,119500.000,0.000,0.000,84.000,0.000
194745.000,167594.000,155830.000,272410.000,19228.000,18121.000,19334.000,99746.000,0.000,0.000,-269.000,0.000
845678.000,873665.000,494284.000,220774.000,80294.000,186431.000,49789.000,394185.000,0.000,0.000,-173.000,0.000
170592.000,36086.000,39266.000,32201.000,2570.000,8828.000,8554.000,27614.000,0.000,0.000,-103.000,0.000
658784.000,87917.000,332841.000,71590.000,6223.000,43027.000,27234.000,116183.000,0.000,0.000,-483.000,0.000
1327774.000,301933.000,137998.000,59520.000,20159.000,21549.000,18244.000,95328.000,0.000,0.000,-183.000,0.000
209813.000,540361.000,108660.000,114763.000,6184.000,59318.000,21718.000,119091.000,0.000,0.000,-108.000,0.000
1830509.000,254078.000,211517.000,54343.000,28230.000,60347.000,17161.000,85755.000,0.000,0.000,-333.000,0.000
418707.000,199257.000,110405.000,64171.000,11394.000,113599.000,26530.000,91049.000,0.000,0.000,-193.000,0.000
86254.000,94309.000,927.000,15502.000,2879.000,13082.000,6383.000,22395.000,0.000,0.000,-83.000,0.000
425289.000,62689.000,120431.000,228501.000,24887.000,40626.000,46602.000,128499.000,0.000,0.000,-238.000,0.000
190941.000,513669.000,32121.000,89870.000,10741.000,36498.000,11225.000,105977.000,0.000,0.000,-2.000,0.000
1710199.000,1049656.000,990066.000,1416696.000,46775.000,363921.000,101410.000,367019.000,0.000,0.000,35.000,0.000
1664928.000,837607.000,312692.000,237975.000,33114.000,326174.000,98053.000,441297.000,0.000,0.000,-134.000,0.000
526730.000,429210.000,49156.000,53281.000,4653.000,25615.000,21130.000,91595.000,0.000,0.000,203.000,0.000
2778984.000,1522657.000,156088.000,370961.000,28915.000,328582.000,23356.000,385330.000,0.000,0.000,91.000,0.000
551484.000,518519.000,58016.000,116594.000,5580.000,50388.000,31993.000,96921.000,0.000,0.000,6.000,0.000
112035.000,185315.000,97189.000,116352.000,17097.000,28680.000,19782.000,95462.000,0.000,0.000,299.000,0.000
1154704.000,399436.000,25382.000,82099.000,27349.000,83728.000,21772.000,81582.000,0.000,0.000,168.000,0.000
423104.000,199344.000,85956.000,79960.000,35190.000,44174.000,12579.000,87609.000,0.000,0.000,120.000,0.000
973027.000,48848.000,77256.000,121525.000,4928.000,102036.000,10343.000,94596.000,0.000,0.000,469.000,0.000
806149.000,257780.000,18459.000,84616.000,12513.000,27642.000,17910.000,87235.000,0.000,0.000,321.000,0.000
145632.000,38347.000,16437.000,31635.000,1513.000,9821.000,14610.000,20022.000,0.000,0.000,173.000,0.000
624692.000,182453.000,15865.000,107822.000,26051.000,57914.000,27151.000,97596.000,0.000,0.000,531.000,0.000
1203142.000,392134.000,88023.000,65482.000,5517.000,54939.000,48074.000,85642.000,0.000,0.000,330.000,0.000
852556.000,319883.000,153726.000,25923.000,6934.000,49567.000,16335.000,95707.000,0.000,0.000,248.000,0.000
810676.000,513758.000,106926.000,82853.000,3064.000,31211.000,30835.000,114138.000,0.000,0.000,443.000,0.000
1131493.000,323866.000,18879.000,67881.000,8997.000,53528.000,25264.000,107553.000,0.000,0.000,96.000,0.000
1181196.000,876714.000,548779.000,261126.000,34945.000,147918.000,84917.000,377856.000,0.000,0.000,28.000,0.000
876974.000,590293.000,98806.000,59973.000,4407.000,55832.000,18476.000,112482.000,0.000,0.000,196.000,0.000
1877933.000,344600.000,91904.000,116901.000,15889.000,50228.000,19692.000,76206.000,0.000,0.000,-103.000,0.000
186667.000,157030.000,154093.000,134736.000,9592.000,39228.000,41560.000,99631.000,0.000,0.000,-194.000,0.000
657868.000,344255.000,175383.000,51193.000,28298.000,44928.000,11031.000,80511.000,0.000,0.000,17.000,0.000
206826.000,30581.000,5653.000,34923.000,857.000,9078.000,10051.000,25667.000,0.000,0.000,-253.000,0.000
881473.000,1003199.000,328982.000,305242.000,40326.000,139807.000,122854.000,330504.000,0.000,0.000,-75.000,0.000
100464.000,77720.000,42206.000,44533.000,5475.000,5268.000,10426.000,21034.000,0.000,0.000,-199.000,0.000
440788.000,92967.000,120030.000,307704.000,4479.000,93608.000,16638.000,88642.000,0.000,0.000,-404.000,0.000
571052.000,231359.000,140136.000,133605.000,8048.000,41603.000,9760.000,100376.000,0.000,0.000,-181.000,0.000
368769.000,468860.000,77358.000,136737.000,27937.000,38986.000,23216.000,108038.000,0.000,0.000,-88.000,0.000
1974482.000,334881.000,40028.000,104151.000,5643.000,43141.000,14718.000,81888.000,0.000,0.000,-327.000,0.000
298103.000,146930.000,32372.000,42932.000,14325.000,42851.000,20318.000,96794.000,0.000,0.000,-186.000,0.000
96886.000,57461.000,5285.000,20380.000,5212.000,16991.000,6119.000,17897.000,0.000,0.000,-101.000,0.000
466491.000,187902.000,57493.000,94543.000,4513.000,42031.000,20407.000,74660.000,0.000,0.000,-298.000,0.000
523704.000,276754.000,104286.000,84367.000,6708.000,43239.000,31823.000,92053.000,0.000,0.000,-68.000,0.000
50374.000,19814.000,5828.000,3224.000,677.000,3491.000,2556.000,5038.000,0.000,0.000,-135.000,0.000
238441.000,12295.000,11955.000,72492.000,4228.000,17482.000,1732.000,25693.000,0.000,0.000,-296.000,0.000
125069.000,40032.000,19294.000,53970.000,5385.000,8468.000,3619.000,24788.000,0.000,0.000,-22.000,0.000
1656703.000,329813.000,321621.000,139871.000,7299.000,47313.000,21713.000,72690.000,0.000,0.000,-88.000,0.000
116348.000,35945.000,7766.000,33085.000,3794.000,15966.000,5863.000,26064.000,0.000,0.000,-146.000,0.000
656260.000,222876.000,48056.000,95329.000,15145.000,31193.000,43485.000,71733.000,0.000,0.000,66.000,0.000
1983546.000,679930.000,81072.000,1010792.000,31997.000,198636.000,68940.000,393217.000,0.000,0.000,-38.000,0.000
771279.000,993543.000,18528.000,50306.000,7272.000,34346.000,43287.000,81230.000,0.000,0.000,-40.000,0.000
3062995.000,897863.000,691380.000,497680.000,60225.000,150871.000,123808.000,324475.000,0.000,0.000,208.000,0.000
296930.000,86678.000,57894.000,98349.000,10534.000,34267.000,18346.000,92901.000,0.000,0.000,118.000,0.000
301996.000,39960.000,8033.000,36061.000,3733.000,23880.000,1520.000,21404.000,0.000,0.000,-54.000,0.000
