94373.000,14603.000,7425.000,19000.000,1461.000,3107.000,751.000,375.000,0.000,0.000,32.000,0.000
75818.000,18145.000,9004.000,17315.000,6018.000,8162.000,1204.000,2591.000,27.000,83.000,82.000,0.000
5982.000,13612.000,22917.000,18447.000,6747.000,6045.000,2514.000,2292.000,29.000,88.000,7.000,0.000
18092.000,4301.000,2230.000,8755.000,737.000,1638.000,1425.000,739.000,30.000,100.000,22.000,0.000
68466.000,47776.000,674.000,9184.000,7745.000,5605.000,1821.000,3418.000,38.000,100.000,82.000,0.000
50034.000,51125.000,4577.000,32707.000,5062.000,5974.000,2035.000,2353.000,40.000,83.000,42.000,0.000
11733.000,7136.000,6998.000,15106.000,5817.000,5589.000,5961.000,4120.000,30.000,81.000,99.000,0.000
203752.000,107011.000,7099.000,36929.000,20228.000,7043.000,5092.000,2899.000,37.000,77.000,-17.000,0.000
350151.000,53143.000,75834.000,5819.000,3843.000,9369.000,5880.000,5314.000,29.000,60.000,40.000,0.000
168064.000,56598.000,8111.000,34362.000,2225.000,7705.000,3182.000,2115.000,27.000,80.000,86.000,0.000
3772.000,5038.000,2835.000,11827.000,504.000,1453.000,1276.000,808.000,29.000,80.000,113.000,0.000
476711.000,58667.000,4057.000,5951.000,3889.000,1661.000,1081.000,1389.000,21.000,87.000,132.000,0.000
108381.000,66411.000,9642.000,4900.000,4084.000,2157.000,940.000,2082.000,14.000,80.000,120.000,0.000
1089509.000,64859.000,9593.000,29041.000,4600.000,12232.000,1650.000,2409.000,7.000,61.000,54.000,0.000
11526.000,7422.000,5123.000,6727.000,2831.000,1219.000,1345.000,416.000,10.000,60.000,-4.000,0.000
69956.000,17026.000,6049.000,15726.000,6464.000,3142.000,2569.000,3211.000,8.000,51.000,83.000,0.000
98270.000,37540.000,12626.000,24026.000,5876.000,7303.000,5163.000,2807.000,20.000,69.000,56.000,0.000
76365.000,32093.000,4698.000,5072.000,1226.000,11931.000,3315.000,2499.000,30.000,81.000,64.000,0.000
16701.000,3956.000,4298.000,2582.000,400.000,986.000,2153.000,964.000,40.000,74.000,7.000,0.000
292169.000,31850.000,16631.000,16496.000,5822.000,3256.000,4043.000,2118.000,43.000,75.000,92.000,0.000
16798.000,3688.000,3312.000,10781.000,1681.000,1067.000,903.000,647.000,38.000,78.000,80.000,0.000
1521105.000,61873.000,3056.000,5114.000,7110.000,13396.000,2188.000,2808.000,35.000,90.000,96.000,0.000
94301.000,60062.000,11096.000,12784.000,3354.000,6052.000,4028.000,5181.000,30.000,81.000,76.000,0.000
165295.000,209403.000,27360.000,53599.000,14705.000,15948.000,6811.000,3581.000,47.000,63.000,-162.000,0.000
488343.000,45536.000,9961.000,44657.000,8354.000,24162.000,1812.000,4694.000,44.000,43.000,55.000,0.000
60246.000,27785.000,1728.000,1408.000,1244.000,921.000,688.000,745.000,47.000,64.000,114.000,0.000
12706.000,4986.000,1996.000,1148.000,1188.000,837.000,402.000,657.000,24.000,44.000,90.000,0.000
59162.000,13547.000,1719.000,3602.000,3578.000,2811.000,1126.000,710.000,27.000,48.000,35.000,0.000
365656.000,73838.000,6364.000,12162.000,8966.000,2963.000,1686.000,808.000,37.000,47.000,106.000,0.000
13063.000,5514.000,935.000,10384.000,630.000,949.000,925.000,441.000,17.000,35.000,43.000,0.000
7697.000,12190.000,12053.000,12242.000,3674.000,8349.000,4368.000,3589.000,23.000,63.000,45.000,0.000
9106.000,4161.000,19218.000,13227.000,8987.000,6877.000,4294.000,3164.000,30.000,70.000,107.000,0.000
26150.000,21356.000,14477.000,50487.000,10820.000,7521.000,4925.000,1790.000,35.000,91.000,256.000,0.000
512862.000,52215.000,18267.000,14373.000,5849.000,7063.000,7631.000,1809.000,44.000,100.000,88.000,0.000
10290.000,6146.000,5799.000,7621.000,744.000,3108.000,2088.000,768.000,48.000,100.000,3.000,0.000
26495.000,12938.000,8173.000,12666.000,4163.000,7697.000,7187.000,6260.000,44.000,100.000,92.000,0.000
93824.000,2907.000,3016.000,1453.000,2070.000,1204.000,1647.000,1768.000,47.000,94.000,36.000,0.000
529659.000,126958.000,7509.000,10746.000,6815.000,6181.000,2007.000,2624.000,51.000,87.000,19.000,0.000
5260.000,5055.000,1611.000,1283.000,817.000,1331.000,1217.000,634.000,47.000,70.000,67.000,0.000
9569.000,3103.000,6086.000,29498.000,3110.000,3872.000,5236.000,4100.000,47.000,57.000,61.000,0.000
3950.000,8456.000,8447.000,14737.000,4793.000,7819.000,3995.000,2826.000,38.000,69.000,81.000,0.000
6989.000,10237.000,1193.000,15059.000,7765.000,6900.000,4372.000,3959.000,43.000,70.000,76.000,0.000
280623.000,72798.000,11213.000,35521.000,6684.000,4775.000,5197.000,3163.000,60.000,87.000,113.000,0.000
132595.000,8124.000,6294.000,29699.000,10438.000,5162.000,6003.000,3359.000,47.000,88.000,49.000,0.000
3196.000,672.000,1593.000,5039.000,1435.000,1550.000,1087.000,904.000,48.000,81.000,69.000,0.000
15148.000,5915.000,4586.000,4686.000,7349.000,1730.000,6617.000,2966.000,47.000,84.000,83.000,0.000
18028.000,27444.000,18790.000,18321.000,10212.000,6715.000,4326.000,1941.000,40.000,84.000,29.000,0.000
21994.000,19742.000,963.000,7454.000,5870.000,8855.000,4308.000,3846.000,48.000,90.000,34.000,0.000
18641.000,16422.000,6903.000,12166.000,1280.000,1965.000,1796.000,426.000,56.000,74.000,267.000,0.000
63040.000,16403.000,8574.000,1697.000,6074.000,1847.000,777.000,703.000,44.000,67.000,59.000,0.000
20238.000,3591.000,6099.000,15187.000,5358.000,4005.000,3300.000,1961.000,40.000,64.000,81.000,0.000
7855.000,1196.000,2748.000,3430.000,1134.000,1916.000,273.000,728.000,43.000,69.000,98.000,0.000
13895.000,9072.000,1363.000,24642.000,2945.000,6987.000,2629.000,1115.000,41.000,87.000,-8.000,0.000
9601.000,7520.000,6742.000,10071.000,7185.000,6272.000,2703.000,1605.000,51.000,90.000,26.000,0.000
311199.000,79967.000,14397.000,11200.000,13483.000,6145.000,2538.000,3248.000,64.000,94.000,35.000,0.000
11695.000,5184.000,4609.000,19629.000,10448.000,4814.000,3313.000,2758.000,56.000,77.000,36.000,0.000
5455.000,26765.000,14597.000,11188.000,10981.000,3066.000,3140.000,2901.000,51.000,75.000,41.000,0.000
11411.000,2772.000,16894.000,5630.000,1467.000,5948.000,2768.000,1450.000,41.000,67.000,13.000,0.000
7246.000,7981.000,9834.000,14525.000,5434.000,3646.000,1433.000,942.000,40.000,78.000,55.000,0.000
48034.000,4030.000,10235.000,20170.000,3659.000,5171.000,2103.000,3813.000,44.000,93.000,2.000,0.000
2116.000,1878.000,852.000,1183.000,1166.000,2023.000,690.000,404.000,44.000,100.000,122.000,0.000
141546.000,35612.000,39137.000,43796.000,8377.000,8178.000,2693.000,1824.000,64.000,96.000,66.000,0.000
50618.000,36898.000,33475.000,8450.000,6792.000,3119.000,2536.000,3214.000,53.000,93.000,66.000,0.000
7982.000,11085.000,2088.000,1799.000,1983.000,945.000,634.000,310.000,43.000,90.000,60.000,0.000
14218.000,18611.000,8573.000,29849.000,4647.000,6449.000,4111.000,4695.000,35.000,69.000,73.000,0.000
32692.000,23341.000,7171.000,4782.000,8839.000,9109.000,5639.000,1825.000,21.000,81.000,66.000,0.000
147194.000,10037.000,1568.000,7560.000,7894.000,7544.000,3986.000,2836.000,35.000,63.000,38.000,0.000
21986.000,11696.000,9671.000,13402.000,7259.000,11117.000,7511.000,2518.000,54.000,54.000,101.000,0.000
23127.000,7981.000,4223.000,8725.000,3026.000,6398.000,4681.000,4286.000,69.000,63.000,36.000,0.000
12095.000,11289.000,5711.000,17132.000,5269.000,3358.000,6397.000,5431.000,78.000,57.000,99.000,0.000
4318.000,3988.000,5289.000,8195.000,2598.000,11037.000,3092.000,2632.000,69.000,70.000,-4.000,0.000
37230.000,18079.000,17241.000,7943.000,14856.000,11898.000,4588.000,4528.000,74.000,80.000,41.000,0.000
48045.000,22676.000,8404.000,1657.000,3500.000,1355.000,1090.000,400.000,74.000,77.000,83.000,0.000
3646.000,4010.000,3927.000,5384.000,2908.000,3048.000,2053.000,814.000,54.000,69.000,17.000,0.000
6272.000,12275.000,2963.000,8047.000,12200.000,10361.000,2289.000,3346.000,61.000,66.000,58.000,0.000
8866.000,10336.000,9573.000,5665.000,7003.000,5301.000,5478.000,2525.000,57.000,56.000,106.000,0.000
3202.000,3194.000,1496.000,8282.000,701.000,1245.000,486.000,800.000,56.000,56.000,40.000,0.000
11019.000,7291.000,17075.000,12153.000,1876.000,8876.000,4806.000,1677.000,64.000,74.000,35.000,0.000
16086.000,25348.000,4155.000,9295.000,8082.000,6768.000,3187.000,1413.000,66.000,78.000,99.000,0.000
3774.000,20059.000,1435.000,19503.000,5502.000,6077.000,4217.000,3249.000,56.000,80.000,39.000,0.000
132400.000,16497.000,912.000,23783.000,6212.000,5846.000,2970.000,2681.000,53.000,80.000,64.000,0.000
10743.000,19244.000,2681.000,11077.000,13634.000,4562.000,5816.000,1297.000,56.000,74.000,87.000,0.000
57586.000,57552.000,7288.000,3133.000,2264.000,7035.000,1120.000,1899.000,50.000,57.000,59.000,0.000
61164.000,13995.000,5796.000,11213.000,8487.000,8621.000,2458.000,2032.000,44.000,50.000,60.000,0.000
74005.000,51301.000,6993.000,5917.000,2836.000,860.000,1537.000,1351.000,51.000,48.000,106.000,0.000
263421.000,25493.000,13391.000,8398.000,7918.000,4601.000,5240.000,2367.000,29.000,35.000,60.000,0.000
60633.000,7950.000,17788.000,21749.000,5523.000,8562.000,4628.000,2883.000,27.000,38.000,67.000,0.000
343801.000,32821.000,5138.000,33787.000,6682.000,6577.000,2962.000,2214.000,35.000,63.000,76.000,0.000
18756.000,6149.000,14465.000,19145.000,7016.000,5983.000,3969.000,1745.000,23.000,66.000,70.000,0.000
7239.000,4545.000,10297.000,15563.000,16578.000,4003.000,2002.000,1657.000,44.000,87.000,55.000,0.000
130958.000,79239.000,11517.000,16035.000,8588.000,6466.000,988.000,1070.000,48.000,93.000,-422.000,0.000
2517124.000,457589.000,66957.000,100928.000,39962.000,48519.000,7467.000,5541.000,38.000,75.000,249.000,0.000
1890496.000,105415.000,16340.000,40390.000,31492.000,21920.000,5063.000,4158.000,37.000,64.000,83.000,0.000
71396.000,25798.000,7578.000,11646.000,598.000,2260.000,1050.000,795.000,37.000,50.000,80.000,0.000
26933.000,3649.000,1067.000,3116.000,928.000,250.000,312.000,136.000,26.000,47.000,74.000,0.000
840559.000,12073.000,3829.000,3205.000,2644.000,1641.000,1020.000,612.000,21.000,56.000,146.000,0.000
6556.000,4607.000,1195.000,4241.000,2512.000,1599.000,912.000,557.000,21.000,60.000,9.000,0.000
84569.000,39981.000,3150.000,5129.000,8246.000,6689.000,1623.000,993.000,23.000,64.000,90.000,0.000
640058.000,147010.000,25603.000,9185.000,7957.000,16600.000,8614.000,7589.000,34.000,51.000,24.000,0.000
60400.000,18966.000,8094.000,68095.000,4336.000,9105.000,5691.000,3602.000,43.000,37.000,35.000,0.000
520567.000,37123.000,17062.000,33447.000,14682.000,7283.000,2871.000,3578.000,44.000,53.000,137.000,0.000
31056.000,5582.000,5273.000,3342.000,911.000,1461.000,3137.000,1374.000,38.000,56.000,69.000,0.000
29819.000,17902.000,4062.000,43993.000,4478.000,7038.000,3120.000,9627.000,37.000,75.000,55.000,0.000
144221.000,46512.000,14031.000,14330.000,10526.000,18762.000,4676.000,10212.000,37.000,94.000,77.000,0.000
6407.000,19561.000,13906.000,20532.000,4823.000,7855.000,5975.000,1765.000,44.000,77.000,69.000,0.000
13574.000,2475.000,1264.000,1747.000,7766.000,5099.000,2081.000,651.000,48.000,78.000,467.000,0.000
92094.000,32430.000,14878.000,9818.000,3163.000,2785.000,3879.000,1128.000,67.000,61.000,57.000,0.000
104018.000,40670.000,5851.000,3900.000,14915.000,6584.000,1216.000,447.000,61.000,53.000,74.000,0.000
56078.000,13817.000,6462.000,5558.000,478.000,7903.000,5191.000,3017.000,56.000,44.000,59.000,0.000
231431.000,114581.000,40447.000,34298.000,8959.000,29654.000,8037.000,2300.000,63.000,38.000,-4.000,0.000
80731.000,4081.000,1350.000,7934.000,1200.000,3493.000,1134.000,497.000,48.000,48.000,40.000,0.000
68014.000,58711.000,9829.000,22377.000,25827.000,4711.000,2620.000,656.000,61.000,53.000,-131.000,0.000
98113.000,43708.000,18173.000,55094.000,3863.000,10178.000,11127.000,9188.000,54.000,61.000,64.000,0.000
5363.000,3609.000,1696.000,5376.000,3909.000,7283.000,7855.000,4098.000,41.000,69.000,195.000,0.000
101202.000,2089.000,2489.000,1644.000,795.000,1086.000,437.000,676.000,54.000,67.000,71.000,0.000
395444.000,41032.000,23777.000,31704.000,10585.000,2783.000,1948.000,700.000,51.000,67.000,-45.000,0.000
2016601.000,74053.000,10642.000,15523.000,3925.000,5433.000,2421.000,2284.000,47.000,78.000,128.000,0.000
3714.000,3926.000,1102.000,2711.000,662.000,1039.000,800.000,834.000,43.000,64.000,22.000,0.000
14695.000,29013.000,5940.000,8020.000,4782.000,6419.000,5760.000,2478.000,27.000,67.000,6.000,0.000
1263386.000,83976.000,37764.000,20361.000,18675.000,22047.000,2650.000,2554.000,26.000,57.000,-98.000,0.000
18984.000,4956.000,1269.000,1977.000,1894.000,1358.000,546.000,534.000,41.000,50.000,39.000,0.000
31108.000,11324.000,14610.000,4259.000,4561.000,4808.000,2375.000,3130.000,50.000,51.000,59.000,0.000
10905.000,6961.000,1894.000,2031.000,698.000,1427.000,705.000,904.000,51.000,54.000,74.000,0.000
116605.000,85953.000,44091.000,71645.000,18821.000,28602.000,3667.000,5602.000,51.000,56.000,673.000,0.000
651059.000,22985.000,7262.000,4309.000,2547.000,1869.000,666.000,542.000,51.000,63.000,72.000,0.000
147646.000,43454.000,5373.000,9097.000,5625.000,2846.000,1829.000,2766.000,41.000,64.000,-2.000,0.000
236296.000,54556.000,16712.000,10477.000,5569.000,1969.000,1616.000,500.000,30.000,53.000,120.000,0.000
943988.000,31780.000,7140.000,12842.000,8872.000,19233.000,2117.000,240.000,16.000,53.000,267.000,0.000
1551380.000,56903.000,16610.000,29040.000,4089.000,7789.000,886.000,287.000,24.000,43.000,232.000,0.000
1494944.000,72405.000,29728.000,21574.000,36108.000,48480.000,7909.000,768.000,24.000,43.000,540.000,0.000
564547.000,17394.000,3055.000,1968.000,1954.000,2276.000,329.000,95.000,24.000,43.000,-149.000,0.000
450334.000,94399.000,72582.000,23037.000,13714.000,12421.000,5155.000,3835.000,24.000,43.000,40.000,0.000
2130546.000,250479.000,41228.000,27407.000,10780.000,18033.000,4002.000,3596.000,27.000,50.000,256.000,0.000
171178.000,18385.000,901.000,2195.000,3621.000,1244.000,373.000,280.000,27.000,50.000,247.000,0.000
2224603.000,222919.000,35554.000,17551.000,18719.000,22844.000,3705.000,2368.000,29.000,41.000,425.000,0.000
74043.000,23043.000,6461.000,4798.000,8063.000,5515.000,1767.000,1400.000,40.000,34.000,113.000,0.000
134594.000,14330.000,1917.000,703.000,2673.000,1793.000,2121.000,2056.000,29.000,34.000,336.000,0.000
204576.000,82811.000,32932.000,9948.000,7450.000,2792.000,4167.000,1613.000,35.000,16.000,-150.000,0.000
420183.000,195670.000,122870.000,61629.000,85591.000,62204.000,25106.000,15345.000,24.000,27.000,89.000,0.000
926972.000,47922.000,7404.000,25183.000,3880.000,5396.000,4244.000,2317.000,30.000,38.000,85.000,0.000
14656.000,5479.000,3229.000,3198.000,1798.000,397.000,818.000,554.000,24.000,44.000,51.000,0.000
30381.000,13674.000,5829.000,13550.000,2220.000,3639.000,1684.000,2093.000,14.000,63.000,55.000,0.000
15688.000,5482.000,1019.000,5487.000,2428.000,6814.000,2537.000,1604.000,29.000,69.000,58.000,0.000
15877.000,6672.000,10185.000,15701.000,9589.000,1891.000,3000.000,1988.000,41.000,67.000,49.000,0.000
136011.000,14968.000,2770.000,2178.000,5828.000,4341.000,1321.000,460.000,40.000,77.000,100.000,0.000
5426.000,5371.000,1746.000,1571.000,696.000,1416.000,713.000,421.000,56.000,61.000,104.000,0.000
1075282.000,26866.000,4894.000,4129.000,3820.000,1643.000,302.000,430.000,60.000,53.000,69.000,0.000
8332.000,7517.000,1567.000,5849.000,2806.000,2050.000,1778.000,950.000,37.000,50.000,392.000,0.000
427369.000,24714.000,3864.000,4172.000,2457.000,1260.000,1661.000,1421.000,44.000,41.000,59.000,0.000
104673.000,37139.000,8880.000,5675.000,4284.000,2292.000,1298.000,743.000,27.000,44.000,88.000,0.000
30843.000,5707.000,1970.000,1698.000,3852.000,6404.000,764.000,818.000,16.000,43.000,72.000,0.000
75292.000,14492.000,1273.000,2344.000,1141.000,898.000,552.000,67.000,41.000,41.000,72.000,0.000
59426.000,31988.000,18368.000,10036.000,13645.000,20525.000,2766.000,1538.000,30.000,30.000,42.000,0.000
1126156.000,930744.000,10408.000,40008.000,20199.000,15906.000,2419.000,1978.000,51.000,35.000,93.000,0.000
8876.000,531.000,201.000,14783.000,2426.000,2292.000,1150.000,436.000,43.000,16.000,89.000,0.000
90125.000,60055.000,8256.000,6034.000,3750.000,8026.000,11017.000,2113.000,29.000,40.000,23.000,0.000
82386.000,30281.000,6557.000,7512.000,3691.000,3289.000,572.000,840.000,37.000,40.000,12.000,0.000
26458.000,15884.000,7278.000,13307.000,8568.000,4349.000,1056.000,693.000,23.000,38.000,59.000,0.000
229672.000,25891.000,16655.000,9145.000,4806.000,4042.000,1934.000,1228.000,40.000,63.000,-116.000,0.000
187402.000,18769.000,19838.000,30622.000,11638.000,5870.000,6843.000,5675.000,35.000,50.000,103.000,0.000
986304.000,58918.000,2623.000,20320.000,5865.000,9078.000,2118.000,1578.000,34.000,69.000,99.000,0.000
43892.000,17684.000,8312.000,10428.000,3020.000,5454.000,6917.000,1634.000,37.000,67.000,86.000,0.000
4272.000,7301.000,1755.000,1542.000,584.000,1279.000,703.000,678.000,38.000,67.000,73.000,0.000
143026.000,12469.000,17984.000,22255.000,6407.000,2116.000,3066.000,1058.000,41.000,61.000,99.000,0.000
184654.000,6755.000,2253.000,795.000,1501.000,615.000,348.000,186.000,37.000,64.000,72.000,0.000
6159.000,3640.000,1186.000,3262.000,1785.000,1357.000,666.000,707.000,29.000,64.000,101.000,0.000
52148.000,16344.000,7468.000,39087.000,6048.000,3702.000,5150.000,1936.000,30.000,63.000,309.000,0.000
1516980.000,33621.000,22566.000,9921.000,8613.000,3143.000,785.000,408.000,24.000,80.000,104.000,0.000
6760.000,2700.000,1783.000,8725.000,1571.000,1354.000,452.000,603.000,24.000,69.000,81.000,0.000
23228.000,4653.000,3238.000,6262.000,1326.000,2156.000,635.000,287.000,29.000,88.000,44.000,0.000
111826.000,27820.000,2548.000,21702.000,2122.000,5170.000,6550.000,992.000,29.000,93.000,101.000,0.000
96644.000,74205.000,32406.000,50119.000,9730.000,5884.000,4267.000,1834.000,35.000,83.000,54.000,0.000
45337.000,7689.000,1498.000,544.000,947.000,763.000,178.000,189.000,34.000,87.000,82.000,0.000
5076.000,3389.000,1750.000,1859.000,1938.000,1114.000,1563.000,320.000,30.000,64.000,67.000,0.000
76743.000,18427.000,4691.000,13189.000,4059.000,2739.000,732.000,379.000,30.000,57.000,24.000,0.000
727139.000,18158.000,2849.000,6245.000,1610.000,2768.000,1534.000,484.000,27.000,60.000,-77.000,0.000
2175944.000,115725.000,10698.000,14766.000,5494.000,9855.000,3738.000,4068.000,37.000,50.000,103.000,0.000
27363.000,6916.000,3256.000,8065.000,1469.000,641.000,575.000,663.000,35.000,48.000,89.000,0.000
7275.000,9747.000,595.000,5780.000,1366.000,1059.000,395.000,412.000,23.000,56.000,21.000,0.000
18370.000,17001.000,9661.000,9363.000,5191.000,4106.000,6550.000,2898.000,21.000,53.000,50.000,0.000
112145.000,54235.000,9547.000,10749.000,4146.000,2496.000,966.000,395.000,24.000,60.000,27.000,0.000
1406077.000,129510.000,19780.000,36890.000,5718.000,7060.000,3422.000,996.000,16.000,66.000,53.000,0.000
873054.000,71028.000,7012.000,15480.000,6727.000,4467.000,3744.000,1584.000,16.000,54.000,87.000,0.000
1820.000,962.000,1234.000,12957.000,1169.000,1435.000,912.000,343.000,13.000,47.000,52.000,0.000
643463.000,155883.000,63955.000,80051.000,69349.000,52480.000,13940.000,11733.000,11.000,61.000,310.000,0.000
1164147.000,55463.000,9932.000,12268.000,9094.000,4256.000,906.000,1401.000,26.000,66.000,-215.000,0.000
909563.000,61901.000,6913.000,4333.000,6871.000,5708.000,1923.000,989.000,26.000,66.000,-33.000,0.000
44143.000,15917.000,1453.000,5118.000,2723.000,1314.000,660.000,251.000,35.000,56.000,-67.000,0.000
1407682.000,274654.000,34674.000,65780.000,9037.000,15936.000,5219.000,1037.000,37.000,57.000,5.000,0.000
737506.000,18702.000,6996.000,6421.000,7378.000,1721.000,473.000,163.000,29.000,35.000,153.000,0.000
887204.000,303671.000,26620.000,29189.000,50439.000,40292.000,15011.000,4250.000,20.000,35.000,-204.000,0.000
1112462.000,37181.000,26100.000,17538.000,8851.000,6524.000,2877.000,948.000,23.000,35.000,-24.000,0.000
1539863.000,143448.000,52968.000,30530.000,60331.000,11427.000,10480.000,1764.000,26.000,44.000,116.000,0.000
66198.000,8376.000,5978.000,10890.000,7635.000,2762.000,1185.000,1561.000,27.000,47.000,37.000,0.000
427002.000,94470.000,18841.000,29840.000,18660.000,19402.000,9814.000,9043.000,30.000,61.000,147.000,0.000
1521348.000,94878.000,14353.000,947.000,7599.000,18321.000,4109.000,1095.000,37.000,53.000,3.000,0.000
1056750.000,107260.000,23988.000,48165.000,15947.000,25094.000,9450.000,7377.000,47.000,41.000,211.000,0.000
277446.000,50705.000,16881.000,62954.000,21557.000,16695.000,11268.000,4000.000,51.000,43.000,-98.000,0.000
771412.000,197089.000,21617.000,8874.000,14263.000,26568.000,2931.000,2764.000,53.000,43.000,-37.000,0.000
41144.000,75324.000,2031.000,5442.000,2380.000,2292.000,2851.000,391.000,53.000,35.000,-150.000,0.000
787469.000,21199.000,6949.000,11485.000,14999.000,7114.000,1933.000,356.000,37.000,30.000,-85.000,0.000
1803398.000,25714.000,6102.000,6828.000,3204.000,2899.000,1856.000,1186.000,40.000,30.000,-59.000,0.000
1602618.000,129921.000,12526.000,42428.000,7009.000,9061.000,12103.000,2681.000,35.000,23.000,-42.000,0.000
400751.000,32086.000,1403.000,2560.000,2266.000,1473.000,356.000,215.000,26.000,35.000,35.000,0.000
822451.000,26343.000,10602.000,10510.000,7839.000,5744.000,1936.000,527.000,30.000,37.000,-72.000,0.000
396190.000,135787.000,12413.000,40256.000,12076.000,6156.000,5991.000,5723.000,27.000,38.000,103.000,0.000
162739.000,6955.000,2629.000,4310.000,4290.000,2766.000,1147.000,2907.000,20.000,37.000,43.000,0.000
168792.000,64833.000,3128.000,33966.000,20269.000,5375.000,2983.000,850.000,34.000,38.000,204.000,0.000
276919.000,113161.000,15707.000,69139.000,22068.000,7955.000,10852.000,3300.000,37.000,51.000,-29.000,0.000
242905.000,122218.000,29749.000,28284.000,9236.000,8020.000,10596.000,2832.000,24.000,51.000,149.000,0.000
559228.000,49065.000,48736.000,15472.000,15903.000,14589.000,6466.000,3102.000,27.000,54.000,0.000,0.000
2458393.000,835868.000,130992.000,136056.000,74315.000,48321.000,12736.000,2431.000,24.000,60.000,388.000,0.000
119261.000,1993.000,1192.000,596.000,1316.000,444.000,116.000,20.000,21.000,56.000,363.000,0.000
69650.000,5152.000,3932.000,2565.000,576.000,891.000,863.000,270.000,30.000,53.000,6.000,0.000
76612.000,19518.000,2003.000,20966.000,4202.000,5746.000,5349.000,1830.000,37.000,61.000,67.000,0.000
12847.000,9221.000,12017.000,10244.000,5615.000,12480.000,4341.000,2106.000,37.000,61.000,29.000,0.000
18059.000,3075.000,2181.000,2455.000,1407.000,6261.000,2086.000,1294.000,57.000,69.000,0.000,0.000
9637.000,6212.000,8204.000,15686.000,6470.000,3295.000,5211.000,2076.000,77.000,69.000,97.000,0.000
44481.000,97606.000,16842.000,12715.000,30331.000,13192.000,7135.000,3361.000,80.000,74.000,42.000,0.000
257845.000,81061.000,12788.000,8138.000,9414.000,5575.000,1618.000,1419.000,77.000,61.000,154.000,0.000
1069616.000,30539.000,5162.000,4150.000,3768.000,4418.000,3430.000,954.000,57.000,50.000,-29.000,0.000
613216.000,71246.000,18801.000,2543.000,27030.000,12808.000,3947.000,2673.000,57.000,50.000,10.000,0.000
96593.000,19112.000,5295.000,1305.000,1477.000,2177.000,556.000,235.000,41.000,41.000,81.000,0.000
23552.000,13775.000,6890.000,4492.000,4321.000,2860.000,2498.000,490.000,40.000,24.000,32.000,0.000
21670.000,25605.000,10518.000,8824.000,2712.000,3180.000,913.000,959.000,41.000,35.000,49.000,0.000
1449750.000,216499.000,45472.000,15419.000,28297.000,17760.000,11670.000,5386.000,44.000,43.000,-53.000,0.000
1449589.000,226912.000,38430.000,98632.000,25638.000,9251.000,4896.000,3312.000,37.000,44.000,98.000,0.000
4947.000,14358.000,8535.000,435.000,1985.000,3740.000,2377.000,873.000,24.000,51.000,32.000,0.000
31534.000,9071.000,1681.000,4522.000,1197.000,1918.000,1177.000,631.000,27.000,50.000,73.000,0.000
35750.000,51041.000,2172.000,10514.000,984.000,1848.000,1403.000,429.000,34.000,48.000,32.000,0.000
144609.000,43310.000,15904.000,55151.000,5413.000,7352.000,2056.000,1953.000,26.000,50.000,75.000,0.000
71727.000,2143.000,6113.000,4033.000,2571.000,4728.000,1709.000,732.000,35.000,57.000,-1.000,0.000
90298.000,83194.000,29747.000,37607.000,18064.000,8147.000,3137.000,7026.000,43.000,64.000,130.000,0.000
36339.000,26385.000,3218.000,8074.000,5994.000,4093.000,1500.000,312.000,35.000,66.000,-24.000,0.000
564928.000,39156.000,42265.000,26031.000,13471.000,14301.000,5498.000,2198.000,48.000,69.000,49.000,0.000
31393.000,27626.000,2586.000,10459.000,16861.000,6593.000,16255.000,3705.000,53.000,67.000,129.000,0.000
431966.000,31199.000,8735.000,5263.000,4903.000,2848.000,1676.000,428.000,44.000,54.000,161.000,0.000
76051.000,17594.000,8292.000,2835.000,5777.000,5692.000,2955.000,340.000,47.000,48.000,87.000,0.000
21145.000,14259.000,9231.000,4806.000,4035.000,4173.000,2359.000,477.000,53.000,50.000,68.000,0.000
304948.000,71888.000,6315.000,29974.000,26793.000,6033.000,5908.000,1656.000,54.000,44.000,100.000,0.000
139269.000,65537.000,13551.000,9721.000,3453.000,15829.000,3134.000,1673.000,44.000,48.000,64.000,0.000
55155.000,12361.000,15767.000,3318.000,3140.000,974.000,1981.000,866.000,54.000,47.000,214.000,0.000
146939.000,256174.000,31043.000,192845.000,20364.000,15572.000,5938.000,5803.000,38.000,56.000,-29.000,0.000
771816.000,28411.000,4209.000,4494.000,3824.000,3507.000,909.000,1345.000,23.000,57.000,107.000,0.000
1543614.000,113593.000,23470.000,34884.000,11768.000,10354.000,3171.000,1787.000,27.000,54.000,-44.000,0.000
642527.000,118784.000,55347.000,22387.000,12880.000,11710.000,4051.000,4656.000,16.000,60.000,66.000,0.000
72785.000,22217.000,12731.000,11013.000,2375.000,2525.000,1712.000,681.000,23.000,53.000,-21.000,0.000
202174.000,160864.000,115345.000,21122.000,47757.000,8728.000,4540.000,862.000,27.000,53.000,44.000,0.000
1422335.000,155930.000,16795.000,10310.000,10146.000,7576.000,1314.000,632.000,16.000,63.000,-134.000,0.000
1665031.000,113647.000,14227.000,83487.000,10036.000,16601.000,4264.000,1114.000,13.000,53.000,11.000,0.000
929203.000,431612.000,48474.000,33466.000,20601.000,11984.000,6081.000,5640.000,16.000,54.000,261.000,0.000
189381.000,8359.000,1559.000,6625.000,1250.000,1657.000,664.000,318.000,8.000,40.000,-117.000,0.000
706489.000,49908.000,66911.000,7917.000,17783.000,11287.000,6195.000,3628.000,17.000,41.000,33.000,0.000
597342.000,65585.000,17201.000,19079.000,18984.000,3927.000,3917.000,2443.000,26.000,57.000,-40.000,0.000
37936.000,37163.000,8935.000,14353.000,12020.000,6409.000,5189.000,2034.000,17.000,54.000,96.000,0.000
131868.000,73137.000,71333.000,38111.000,11107.000,7404.000,4799.000,2019.000,34.000,63.000,-2.000,0.000
36929.000,55973.000,1021.000,12974.000,4807.000,6540.000,1769.000,905.000,26.000,67.000,98.000,0.000
306557.000,140062.000,62409.000,33113.000,17472.000,17326.000,7143.000,4895.000,26.000,51.000,99.000,0.000
80922.000,49369.000,3934.000,7165.000,2664.000,5050.000,752.000,819.000,30.000,54.000,6.000,0.000
94449.000,129060.000,1686.000,15860.000,16402.000,9804.000,7290.000,4489.000,29.000,47.000,91.000,0.000
50380.000,8163.000,3935.000,5654.000,2583.000,2339.000,876.000,432.000,35.000,24.000,157.000,0.000
354009.000,53456.000,4714.000,4330.000,2954.000,2201.000,2233.000,573.000,38.000,38.000,20.000,0.000
659101.000,28933.000,1864.000,2729.000,4316.000,3259.000,2189.000,494.000,30.000,24.000,29.000,0.000
259771.000,28860.000,34626.000,46049.000,5529.000,5617.000,7027.000,1400.000,30.000,21.000,18.000,0.000
753462.000,93778.000,24575.000,44170.000,25377.000,8424.000,2316.000,2176.000,27.000,48.000,52.000,0.000
41308.000,74392.000,26236.000,2875.000,1538.000,2694.000,797.000,383.000,20.000,44.000,13.000,0.000
150143.000,32408.000,18559.000,11210.000,5514.000,1989.000,693.000,205.000,17.000,54.000,1082.000,0.000
564524.000,27728.000,2341.000,6293.000,3826.000,1848.000,608.000,293.000,8.000,70.000,-1.000,0.000
221738.000,6275.000,707.000,481.000,216.000,138.000,392.000,269.000,8.000,70.000,146.000,0.000
18377.000,4129.000,1440.000,3008.000,1741.000,1358.000,1307.000,845.000,1.000,50.000,76.000,0.000
7825.000,23458.000,7405.000,21354.000,5154.000,4349.000,7473.000,1104.000,8.000,50.000,55.000,0.000
27020.000,20847.000,6645.000,15715.000,5069.000,6070.000,4119.000,1218.000,20.000,57.000,83.000,0.000
40519.000,9719.000,8150.000,56534.000,2478.000,4337.000,2370.000,880.000,35.000,56.000,-8.000,0.000
14111.000,10779.000,1986.000,5606.000,7718.000,4873.000,4942.000,1050.000,47.000,84.000,35.000,0.000
43341.000,12687.000,4608.000,24041.000,6587.000,6279.000,1351.000,1350.000,53.000,78.000,49.000,0.000
14927.000,10918.000,20036.000,19160.000,6592.000,5544.000,3630.000,1506.000,47.000,64.000,53.000,0.000
60799.000,32996.000,22414.000,17986.000,6596.000,5183.000,3372.000,3207.000,51.000,56.000,86.000,0.000
8786.000,6047.000,6315.000,15473.000,9280.000,10076.000,1799.000,1613.000,40.000,66.000,37.000,0.000
4842.000,2763.000,409.000,6033.000,613.000,2043.000,1054.000,478.000,61.000,87.000,18.000,0.000
36087.000,26099.000,7343.000,13673.000,2563.000,4881.000,2237.000,2436.000,64.000,87.000,56.000,0.000
13164.000,5801.000,897.000,32316.000,7579.000,13401.000,5243.000,1941.000,64.000,77.000,43.000,0.000
5123.000,17584.000,1949.000,14363.000,9791.000,4596.000,1907.000,1521.000,81.000,80.000,56.000,0.000
2446.000,8161.000,16102.000,23385.000,1506.000,5644.000,2574.000,4606.000,69.000,75.000,26.000,0.000
1023797.000,405119.000,93218.000,79459.000,28452.000,29197.000,13449.000,8994.000,64.000,83.000,-139.000,0.000
213734.000,6642.000,1816.000,2926.000,484.000,587.000,281.000,117.000,64.000,83.000,167.000,0.000
44859.000,11376.000,848.000,17414.000,4713.000,2638.000,1395.000,1010.000,57.000,83.000,214.000,0.000
350740.000,40266.000,16236.000,5548.000,5226.000,5308.000,2318.000,463.000,43.000,80.000,132.000,0.000
1626175.000,376729.000,42000.000,49139.000,75183.000,39490.000,17226.000,2898.000,38.000,78.000,74.000,0.000
1708490.000,54994.000,11576.000,47702.000,45385.000,14040.000,1155.000,1208.000,35.000,53.000,-91.000,0.000
796498.000,23943.000,4142.000,1253.000,1969.000,1171.000,298.000,113.000,35.000,53.000,16.000,0.000
86901.000,11374.000,6454.000,8679.000,2913.000,6203.000,703.000,637.000,30.000,41.000,245.000,0.000
1800006.000,234280.000,112101.000,55393.000,14646.000,11135.000,8899.000,2013.000,41.000,40.000,193.000,0.000
124397.000,34918.000,1676.000,4125.000,1735.000,1281.000,678.000,266.000,30.000,43.000,-26.000,0.000
658145.000,39006.000,4859.000,9084.000,3525.000,1972.000,438.000,709.000,21.000,41.000,-41.000,0.000
2367640.000,46503.000,28410.000,39560.000,11910.000,18580.000,6048.000,3187.000,21.000,47.000,80.000,0.000
1351784.000,1337801.000,52081.000,14324.000,16647.000,11570.000,9288.000,1514.000,17.000,48.000,54.000,0.000
173003.000,7777.000,396.000,157.000,45.000,247.000,23.000,15.000,11.000,24.000,60.000,0.000
199255.000,12062.000,5657.000,22253.000,7905.000,5184.000,2260.000,2696.000,11.000,24.000,98.000,0.000
270950.000,82013.000,7311.000,20754.000,19215.000,12063.000,3257.000,2378.000,27.000,43.000,35.000,0.000
72455.000,14233.000,5709.000,6358.000,23732.000,7512.000,1803.000,1481.000,38.000,41.000,129.000,0.000
1386232.000,256923.000,6738.000,41117.000,3371.000,6785.000,3752.000,2082.000,43.000,27.000,97.000,0.000
81446.000,45609.000,6459.000,1735.000,5238.000,2706.000,2442.000,605.000,51.000,40.000,-23.000,0.000
7446.000,7951.000,2527.000,35891.000,5503.000,7158.000,3038.000,1728.000,43.000,21.000,67.000,0.000
39307.000,15446.000,8015.000,5140.000,2843.000,1441.000,1946.000,526.000,47.000,40.000,44.000,0.000
160739.000,36409.000,4110.000,5300.000,4242.000,2978.000,2082.000,795.000,30.000,50.000,99.000,0.000
28405.000,5187.000,21720.000,27456.000,4691.000,10802.000,10652.000,3592.000,40.000,53.000,-155.000,0.000
1050872.000,166246.000,22222.000,91479.000,10395.000,15898.000,7403.000,3950.000,51.000,78.000,53.000,0.000
944657.000,43312.000,11138.000,35343.000,13769.000,10730.000,5413.000,2410.000,43.000,67.000,71.000,0.000
948275.000,8629.000,15669.000,16627.000,8859.000,3828.000,666.000,597.000,51.000,67.000,-333.000,0.000
953648.000,16685.000,5979.000,6882.000,1378.000,630.000,629.000,266.000,51.000,67.000,-122.000,0.000
731908.000,9023.000,3095.000,3112.000,2878.000,2334.000,444.000,130.000,41.000,78.000,260.000,0.000
631401.000,8738.000,3584.000,4743.000,2516.000,1997.000,1160.000,300.000,41.000,78.000,6.000,0.000
21257.000,3282.000,6095.000,7873.000,9097.000,7084.000,3399.000,1562.000,37.000,66.000,23.000,0.000
363193.000,215002.000,89860.000,120993.000,157587.000,140754.000,12811.000,25897.000,53.000,67.000,-2048.000,0.000
1175097.000,280290.000,186154.000,130661.000,40868.000,7321.000,4948.000,5003.000,53.000,67.000,109.000,0.000
119025.000,71946.000,24258.000,32401.000,17082.000,9603.000,4119.000,1366.000,53.000,67.000,-1818.000,0.000
2276236.000,144016.000,21359.000,73264.000,87785.000,68488.000,27549.000,5520.000,50.000,66.000,148.000,0.000
12801.000,3628.000,2147.000,8939.000,1238.000,1269.000,1369.000,805.000,50.000,66.000,69.000,0.000
12561.000,14253.000,2470.000,21603.000,8595.000,5144.000,6565.000,1953.000,61.000,77.000,64.000,0.000
12591.000,7187.000,2693.000,10692.000,1935.000,1050.000,841.000,532.000,63.000,78.000,65.000,0.000
283494.000,28664.000,924.000,4804.000,7376.000,7109.000,1767.000,192.000,44.000,84.000,68.000,0.000
793098.000,13841.000,3688.000,1624.000,1520.000,603.000,492.000,659.000,53.000,70.000,48.000,0.000
714026.000,152025.000,28865.000,9967.000,21714.000,6445.000,5710.000,1242.000,53.000,70.000,280.000,0.000
271570.000,91529.000,7649.000,7933.000,8076.000,2944.000,2032.000,577.000,47.000,51.000,-49.000,0.000
382243.000,66811.000,11333.000,6933.000,4711.000,1368.000,463.000,444.000,30.000,35.000,211.000,0.000
600790.000,74795.000,4206.000,19665.000,11489.000,6129.000,1607.000,1343.000,20.000,17.000,-27.000,0.000
416223.000,229268.000,5890.000,16893.000,19336.000,20553.000,4668.000,5165.000,10.000,24.000,-1.000,0.000
564442.000,13514.000,6275.000,2711.000,2257.000,1469.000,203.000,167.000,17.000,14.000,-2.000,0.000
291220.000,109618.000,11807.000,19582.000,8039.000,5725.000,2993.000,881.000,26.000,24.000,33.000,0.000
1214181.000,45793.000,19324.000,35689.000,17484.000,5479.000,2297.000,2184.000,35.000,24.000,-365.000,0.000
1333788.000,7719.000,3607.000,4254.000,6220.000,1983.000,440.000,316.000,34.000,37.000,-136.000,0.000
1300893.000,64775.000,12087.000,1230.000,3976.000,1479.000,525.000,257.000,38.000,53.000,553.000,0.000
151380.000,11137.000,3771.000,4778.000,1750.000,1001.000,750.000,214.000,38.000,53.000,56.000,0.000
21912.000,21146.000,1168.000,63017.000,6049.000,3836.000,1201.000,918.000,35.000,56.000,-7.000,0.000
23769.000,4510.000,7773.000,28300.000,3763.000,8384.000,4994.000,3208.000,37.000,77.000,12.000,0.000
67169.000,39267.000,13153.000,19370.000,9075.000,2813.000,1397.000,1522.000,50.000,84.000,18.000,0.000
45103.000,3075.000,6686.000,16452.000,5197.000,8103.000,2431.000,2017.000,38.000,88.000,58.000,0.000
9519.000,16795.000,8214.000,7659.000,4061.000,6096.000,4035.000,1172.000,54.000,94.000,54.000,0.000
40643.000,22785.000,9144.000,25503.000,4210.000,10551.000,3142.000,1960.000,66.000,83.000,7.000,0.000
131256.000,39984.000,4995.000,7377.000,10229.000,15300.000,3113.000,412.000,64.000,77.000,81.000,0.000
2854173.000,297758.000,22264.000,34371.000,40919.000,38336.000,4161.000,3779.000,83.000,64.000,-225.000,0.000
799936.000,52355.000,8681.000,12676.000,17314.000,4569.000,1275.000,1125.000,83.000,64.000,231.000,0.000
1734547.000,167902.000,6501.000,5794.000,4623.000,6011.000,357.000,209.000,67.000,48.000,810.000,0.000
185942.000,9632.000,1791.000,1547.000,847.000,477.000,212.000,122.000,67.000,48.000,38.000,0.000
14256.000,7695.000,4413.000,9169.000,3482.000,2268.000,1467.000,1368.000,54.000,43.000,56.000,0.000
12348.000,9048.000,17115.000,8410.000,3230.000,4004.000,1595.000,1794.000,50.000,43.000,26.000,0.000
958554.000,10237.000,12354.000,36528.000,9471.000,11045.000,1970.000,1116.000,41.000,63.000,64.000,0.000
928158.000,144740.000,27897.000,22935.000,14206.000,17675.000,3677.000,797.000,50.000,80.000,283.000,0.000
457512.000,51787.000,5000.000,4283.000,5482.000,1913.000,2290.000,851.000,57.000,78.000,66.000,0.000
9450.000,4409.000,240.000,2450.000,1546.000,1367.000,1711.000,1247.000,48.000,61.000,86.000,0.000
4189.000,2540.000,479.000,1222.000,1654.000,1298.000,811.000,588.000,53.000,47.000,9.000,0.000
451610.000,159768.000,10774.000,39462.000,26760.000,20178.000,5931.000,1677.000,56.000,34.000,-324.000,0.000
1079387.000,17336.000,7431.000,19032.000,12121.000,10141.000,2803.000,902.000,56.000,30.000,97.000,0.000
1218343.000,68428.000,752.000,3516.000,7736.000,7945.000,2177.000,300.000,56.000,30.000,518.000,0.000
71153.000,11212.000,2661.000,5580.000,1420.000,1136.000,488.000,302.000,56.000,30.000,98.000,0.000
8318.000,17327.000,3130.000,16163.000,2669.000,4962.000,2153.000,3877.000,63.000,44.000,9.000,0.000
154949.000,6716.000,132.000,402.000,522.000,995.000,931.000,82.000,60.000,51.000,80.000,0.000
518152.000,95875.000,12177.000,19960.000,9832.000,5988.000,1840.000,4690.000,53.000,37.000,9.000,0.000
67236.000,4824.000,3679.000,41003.000,13966.000,6012.000,1942.000,1790.000,47.000,38.000,86.000,0.000
26122.000,15516.000,1574.000,21620.000,5563.000,4904.000,6794.000,2030.000,53.000,47.000,51.000,0.000
954263.000,63505.000,4663.000,19922.000,8473.000,20865.000,3887.000,1302.000,51.000,48.000,536.000,0.000
1740747.000,45499.000,21444.000,8496.000,13384.000,6704.000,1821.000,533.000,56.000,63.000,53.000,0.000
101983.000,4806.000,2492.000,2039.000,655.000,728.000,356.000,126.000,56.000,63.000,61.000,0.000
84221.000,50777.000,708.000,62180.000,16489.000,14017.000,1373.000,2020.000,56.000,63.000,45.000,0.000
155287.000,32658.000,12106.000,5246.000,7750.000,3409.000,489.000,1076.000,66.000,74.000,-141.000,0.000
1556301.000,17128.000,3119.000,5589.000,3049.000,3187.000,763.000,544.000,61.000,60.000,41.000,0.000
874021.000,52136.000,18865.000,8237.000,10121.000,6804.000,3293.000,2263.000,61.000,51.000,5.000,0.000
928496.000,135556.000,15060.000,29478.000,10552.000,11422.000,7163.000,1325.000,53.000,54.000,394.000,0.000
1690323.000,94761.000,60684.000,27240.000,31611.000,30351.000,10446.000,4416.000,47.000,43.000,-51.000,0.000
349725.000,8748.000,5770.000,2674.000,2707.000,5419.000,838.000,154.000,47.000,43.000,103.000,0.000
96629.000,2722.000,1325.000,491.000,414.000,129.000,42.000,19.000,60.000,44.000,-105.000,0.000
562256.000,22344.000,10869.000,6170.000,6530.000,4242.000,1018.000,1469.000,48.000,50.000,48.000,0.000
411629.000,65955.000,2364.000,3501.000,8010.000,3751.000,4316.000,778.000,50.000,51.000,105.000,0.000
149027.000,97819.000,41108.000,46094.000,16199.000,7544.000,1211.000,910.000,47.000,40.000,360.000,0.000
545426.000,82790.000,58864.000,57192.000,30191.000,42817.000,14123.000,2627.000,29.000,43.000,13.000,0.000
195547.000,21309.000,3660.000,8811.000,5778.000,2797.000,4129.000,326.000,47.000,44.000,43.000,0.000
476096.000,47346.000,43302.000,16359.000,13838.000,26673.000,12336.000,4257.000,43.000,43.000,233.000,0.000
1871164.000,54256.000,25991.000,6518.000,29056.000,16208.000,8815.000,5119.000,56.000,64.000,240.000,0.000
745010.000,27857.000,11263.000,10270.000,2264.000,3409.000,855.000,507.000,70.000,57.000,-151.000,0.000
617866.000,41321.000,17009.000,7381.000,8731.000,10751.000,2341.000,1005.000,61.000,54.000,-2033.000,0.000
1821569.000,38150.000,6734.000,5078.000,6310.000,7907.000,3084.000,3111.000,61.000,54.000,169.000,0.000
28086.000,3956.000,1169.000,2104.000,557.000,1041.000,1934.000,227.000,61.000,54.000,52.000,0.000
43746.000,14923.000,3813.000,35639.000,3947.000,6889.000,1702.000,1493.000,66.000,57.000,23.000,0.000
6355.000,13911.000,5639.000,20827.000,7651.000,8711.000,1903.000,1788.000,61.000,66.000,60.000,0.000
173792.000,104076.000,46398.000,75783.000,7022.000,9590.000,4537.000,970.000,63.000,75.000,181.000,0.000
334588.000,38638.000,15613.000,3291.000,4623.000,9873.000,13832.000,1927.000,57.000,80.000,51.000,0.000
5161.000,6231.000,4042.000,12359.000,5880.000,2957.000,4005.000,2616.000,60.000,77.000,65.000,0.000
114141.000,53945.000,12087.000,19866.000,7247.000,6050.000,2921.000,1282.000,60.000,74.000,152.000,0.000
681914.000,33834.000,5368.000,7473.000,2794.000,1980.000,601.000,398.000,48.000,67.000,120.000,0.000
12115.000,2870.000,1388.000,4410.000,2559.000,1484.000,1216.000,193.000,48.000,56.000,115.000,0.000
28823.000,12562.000,1781.000,27790.000,7162.000,6539.000,3095.000,2410.000,48.000,64.000,48.000,0.000
8275.000,9693.000,10463.000,21338.000,6908.000,7198.000,2345.000,2671.000,50.000,64.000,74.000,0.000
23936.000,2658.000,3773.000,20217.000,4828.000,5385.000,4500.000,2506.000,57.000,75.000,59.000,0.000
122340.000,43535.000,11960.000,17415.000,19004.000,6581.000,10924.000,1207.000,70.000,91.000,53.000,0.000
210363.000,16375.000,5198.000,11616.000,2805.000,4817.000,2327.000,784.000,66.000,84.000,247.000,0.000
1022064.000,21390.000,12155.000,23414.000,2845.000,4734.000,1143.000,568.000,64.000,81.000,1.000,0.000
21469.000,5525.000,2147.000,6115.000,5548.000,10542.000,8366.000,1659.000,60.000,80.000,48.000,0.000
1488778.000,121741.000,8673.000,12265.000,2935.000,8402.000,3022.000,2164.000,70.000,64.000,135.000,0.000
14835.000,5106.000,3402.000,1355.000,1598.000,1995.000,1006.000,497.000,67.000,54.000,162.000,0.000
135269.000,28075.000,1988.000,2800.000,5116.000,5727.000,3636.000,1064.000,74.000,51.000,58.000,0.000
219272.000,16829.000,24345.000,36390.000,4833.000,8213.000,3510.000,1779.000,78.000,29.000,61.000,0.000
3348.000,6015.000,1875.000,3132.000,3963.000,1711.000,880.000,411.000,60.000,44.000,32.000,0.000
57902.000,12678.000,9761.000,7897.000,10887.000,10550.000,2224.000,1262.000,67.000,54.000,85.000,0.000
105309.000,13061.000,5282.000,42109.000,8670.000,6128.000,1752.000,1493.000,74.000,54.000,40.000,0.000
749018.000,39722.000,4881.000,10531.000,5720.000,3832.000,1529.000,1779.000,67.000,80.000,128.000,0.000
11834.000,3829.000,4388.000,3041.000,1900.000,1970.000,808.000,422.000,64.000,61.000,36.000,0.000
10021.000,9747.000,1087.000,12523.000,5239.000,22623.000,1875.000,3175.000,66.000,69.000,97.000,0.000
28706.000,11377.000,10038.000,16203.000,5529.000,12423.000,6360.000,3713.000,75.000,66.000,55.000,0.000
6034.000,1766.000,2849.000,10893.000,1215.000,940.000,1078.000,208.000,84.000,60.000,61.000,0.000
12820.000,1613.000,1648.000,9718.000,4380.000,12617.000,2633.000,2807.000,83.000,81.000,74.000,0.000
70381.000,12087.000,5270.000,13448.000,3314.000,5717.000,1554.000,875.000,97.000,78.000,27.000,0.000
31115.000,7412.000,6488.000,21435.000,3789.000,5703.000,3191.000,1545.000,83.000,87.000,39.000,0.000
89753.000,7375.000,3755.000,22289.000,5029.000,4907.000,4729.000,1825.000,77.000,93.000,41.000,0.000
8060.000,7487.000,2041.000,20644.000,4293.000,12539.000,2935.000,1865.000,84.000,84.000,58.000,0.000
152592.000,110327.000,21831.000,28508.000,7072.000,11220.000,5974.000,2397.000,78.000,90.000,151.000,0.000
9756.000,14861.000,7441.000,3036.000,2155.000,3335.000,1054.000,877.000,69.000,81.000,50.000,0.000
24709.000,18759.000,22879.000,17328.000,7724.000,8472.000,3254.000,1961.000,67.000,70.000,68.000,0.000
23343.000,17115.000,7057.000,36934.000,5325.000,5360.000,2974.000,923.000,67.000,67.000,86.000,0.000
20092.000,32702.000,7212.000,6144.000,8652.000,6891.000,4657.000,1372.000,54.000,74.000,39.000,0.000
53954.000,17996.000,6076.000,994.000,4002.000,7797.000,2352.000,2661.000,61.000,69.000,66.000,0.000
199497.000,30407.000,20116.000,14648.000,19399.000,20183.000,4987.000,785.000,69.000,61.000,58.000,0.000
1975992.000,287897.000,124147.000,46054.000,39133.000,45282.000,6505.000,4212.000,69.000,61.000,-434.000,0.000
1256303.000,24796.000,16590.000,9879.000,3559.000,2327.000,744.000,374.000,66.000,53.000,472.000,0.000
32445.000,6474.000,660.000,556.000,318.000,270.000,104.000,36.000,66.000,53.000,75.000,0.000
50401.000,7606.000,2194.000,4120.000,8306.000,4190.000,1263.000,2233.000,57.000,34.000,10.000,0.000
7105.000,4231.000,1410.000,4469.000,3346.000,5717.000,6122.000,1102.000,64.000,34.000,49.000,0.000
16638.000,25709.000,2805.000,4170.000,3746.000,6515.000,2030.000,1064.000,69.000,40.000,68.000,0.000
19003.000,7018.000,1854.000,7063.000,3425.000,7078.000,12125.000,1281.000,75.000,30.000,42.000,0.000
16974.000,27526.000,4062.000,6832.000,6693.000,4499.000,1445.000,3374.000,97.000,41.000,39.000,0.000
105527.000,19307.000,5115.000,18395.000,6598.000,5424.000,3560.000,1084.000,88.000,40.000,93.000,0.000
18154.000,10055.000,6102.000,7481.000,6319.000,7019.000,3263.000,1510.000,75.000,44.000,71.000,0.000
57750.000,22825.000,18372.000,1064.000,3368.000,5510.000,5633.000,1734.000,78.000,54.000,42.000,0.000
16659.000,7831.000,6746.000,8559.000,4368.000,3867.000,3671.000,1336.000,67.000,56.000,48.000,0.000
76559.000,89238.000,8718.000,9859.000,6569.000,15841.000,4018.000,3047.000,70.000,67.000,-21.000,0.000
113240.000,81491.000,2116.000,8384.000,6320.000,5427.000,6057.000,1889.000,74.000,54.000,268.000,0.000
160002.000,20256.000,1553.000,1014.000,1294.000,724.000,301.000,77.000,57.000,40.000,71.000,0.000
8504.000,13229.000,5154.000,2313.000,2172.000,7001.000,3727.000,1950.000,47.000,24.000,27.000,0.000
