1664383.000,105267.000,15869.000,13785.000,33876.000,10725.000,4479.000,1784.000,0.000,0.000,520.000,0.000
404570.000,17128.000,3570.000,11990.000,4578.000,3813.000,1123.000,447.000,60.000,80.000,-25.000,0.000
1557545.000,266415.000,56452.000,68361.000,103607.000,88095.000,22252.000,11807.000,53.000,80.000,144.000,0.000
1008243.000,20868.000,1783.000,1848.000,1611.000,625.000,176.000,380.000,75.000,70.000,55.000,0.000
31467.000,30181.000,1069.000,586.000,7871.000,4198.000,1948.000,959.000,75.000,70.000,229.000,0.000
1521356.000,606551.000,133415.000,64190.000,71249.000,157414.000,29463.000,7658.000,63.000,48.000,-499.000,0.000
1297964.000,273424.000,82416.000,5664.000,57843.000,27086.000,15276.000,1294.000,63.000,48.000,234.000,0.000
786083.000,157045.000,38716.000,20532.000,13117.000,29492.000,13918.000,15240.000,54.000,47.000,781.000,0.000
1732220.000,47696.000,27072.000,7048.000,4724.000,11390.000,1628.000,643.000,54.000,47.000,452.000,0.000
1635711.000,51661.000,45748.000,31962.000,12885.000,20542.000,10175.000,2427.000,54.000,47.000,721.000,0.000
847833.000,3266.000,6341.000,10349.000,1517.000,580.000,813.000,361.000,54.000,47.000,258.000,0.000
799471.000,33183.000,9389.000,5829.000,3777.000,2074.000,362.000,750.000,54.000,47.000,44.000,0.000
64120.000,46425.000,36096.000,2176.000,8162.000,3193.000,957.000,2893.000,48.000,40.000,92.000,0.000
756288.000,52141.000,42940.000,6012.000,8892.000,4307.000,1636.000,1819.000,29.000,51.000,147.000,0.000
1251195.000,715318.000,107537.000,53918.000,67684.000,51072.000,6174.000,6665.000,20.000,87.000,837.000,0.000
163048.000,16845.000,5713.000,3884.000,2261.000,1357.000,399.000,439.000,17.000,83.000,24.000,0.000
492641.000,84766.000,67720.000,28029.000,18335.000,13239.000,6849.000,646.000,17.000,87.000,-2048.000,0.000
1660965.000,372353.000,147261.000,114347.000,88679.000,13973.000,7783.000,6622.000,24.000,88.000,540.000,0.000
83647.000,8310.000,5859.000,3766.000,1541.000,4301.000,1357.000,298.000,24.000,88.000,116.000,0.000
2160953.000,133576.000,23952.000,34007.000,21447.000,14411.000,8341.000,1636.000,40.000,88.000,-291.000,0.000
343620.000,19537.000,3151.000,3941.000,9473.000,4405.000,4177.000,905.000,40.000,88.000,136.000,0.000
120936.000,119551.000,11557.000,25796.000,20648.000,16302.000,5553.000,3224.000,50.000,88.000,442.000,0.000
2117277.000,174831.000,86474.000,53268.000,36915.000,12990.000,4854.000,1717.000,56.000,80.000,-310.000,0.000
685901.000,40620.000,1984.000,12054.000,8846.000,7087.000,4410.000,2841.000,51.000,78.000,-99.000,0.000
282943.000,127752.000,61145.000,18371.000,8260.000,6122.000,4362.000,2331.000,44.000,64.000,-251.000,0.000
1002121.000,152422.000,18255.000,17445.000,15565.000,10154.000,4368.000,2272.000,29.000,78.000,68.000,0.000
312921.000,102563.000,7669.000,9407.000,3865.000,8859.000,2845.000,1870.000,23.000,77.000,-43.000,0.000
1121928.000,78988.000,33868.000,32439.000,11892.000,4232.000,3182.000,2140.000,27.000,57.000,60.000,0.000
256773.000,53290.000,10907.000,9495.000,8256.000,2301.000,2068.000,1937.000,16.000,70.000,168.000,0.000
1223670.000,60535.000,36729.000,15670.000,9174.000,4070.000,1238.000,2448.000,16.000,64.000,-49.000,0.000
165722.000,116610.000,16681.000,33341.000,52642.000,13248.000,2306.000,6448.000,13.000,78.000,208.000,0.000
722352.000,41150.000,13899.000,21884.000,8653.000,4589.000,2749.000,517.000,13.000,84.000,-124.000,0.000
226257.000,33376.000,1387.000,3645.000,9827.000,9160.000,4339.000,2358.000,17.000,83.000,123.000,0.000
1658369.000,264061.000,16257.000,19193.000,42936.000,61288.000,34670.000,4273.000,37.000,69.000,610.000,0.000
2895132.000,133004.000,54835.000,26012.000,4090.000,47179.000,9183.000,3598.000,53.000,47.000,86.000,0.000
539237.000,55716.000,32016.000,13263.000,12362.000,5613.000,3242.000,1778.000,61.000,51.000,195.000,0.000
954457.000,222987.000,163666.000,6754.000,62249.000,99680.000,3545.000,4984.000,61.000,51.000,-589.000,0.000
1266317.000,12145.000,14476.000,3853.000,4685.000,6553.000,820.000,416.000,61.000,69.000,140.000,0.000
2547800.000,17753.000,3297.000,3267.000,5258.000,6593.000,2079.000,1829.000,63.000,94.000,13.000,0.000
480543.000,21626.000,25534.000,6540.000,13005.000,13781.000,2398.000,1367.000,64.000,87.000,50.000,0.000
176844.000,24226.000,17067.000,5039.000,6291.000,15605.000,4055.000,778.000,80.000,88.000,210.000,0.000
154521.000,35496.000,2377.000,1376.000,2541.000,2427.000,910.000,608.000,83.000,88.000,226.000,0.000
725537.000,99033.000,7164.000,8705.000,8304.000,5451.000,5247.000,2171.000,70.000,63.000,2.000,0.000
1724024.000,33631.000,16957.000,28237.000,26254.000,20955.000,3112.000,1313.000,54.000,60.000,67.000,0.000
1705026.000,371358.000,84936.000,27721.000,20069.000,16856.000,13925.000,2556.000,54.000,56.000,929.000,0.000
746292.000,15731.000,14316.000,16106.000,10172.000,6003.000,3444.000,1787.000,35.000,51.000,656.000,0.000
430796.000,16581.000,479.000,4873.000,5549.000,3324.000,1527.000,438.000,35.000,51.000,139.000,0.000
251266.000,22806.000,18728.000,20150.000,26726.000,10132.000,11343.000,4990.000,35.000,51.000,-1138.000,0.000
863845.000,48719.000,9909.000,3020.000,4738.000,3696.000,809.000,1017.000,43.000,74.000,362.000,0.000
2299978.000,382102.000,26132.000,51749.000,46154.000,18863.000,7507.000,4749.000,43.000,74.000,298.000,0.000
959706.000,38329.000,15347.000,9051.000,11909.000,19659.000,3567.000,1188.000,41.000,77.000,-245.000,0.000
1000743.000,214835.000,292163.000,128208.000,219693.000,113197.000,49121.000,15303.000,43.000,67.000,417.000,0.000
50232.000,3504.000,907.000,1513.000,1155.000,786.000,186.000,306.000,56.000,80.000,177.000,0.000
1277320.000,96157.000,36435.000,23698.000,19868.000,10025.000,4595.000,8680.000,56.000,77.000,5.000,0.000
73155.000,52018.000,10527.000,545.000,5843.000,2350.000,1417.000,2001.000,60.000,87.000,43.000,0.000
513309.000,50510.000,18756.000,42145.000,30698.000,13063.000,1866.000,8478.000,41.000,80.000,117.000,0.000
235531.000,61062.000,68181.000,36905.000,99051.000,26142.000,5044.000,1583.000,37.000,78.000,-198.000,0.000
1478281.000,38561.000,30483.000,28231.000,20527.000,25218.000,4465.000,2277.000,38.000,81.000,-484.000,0.000
894841.000,42836.000,4425.000,15621.000,14956.000,9239.000,3173.000,1714.000,51.000,87.000,-530.000,0.000
1754932.000,72862.000,5686.000,16484.000,12748.000,23106.000,4836.000,6026.000,64.000,91.000,-328.000,0.000
1956195.000,125385.000,54020.000,2570.000,11060.000,7815.000,4547.000,1001.000,70.000,77.000,-1240.000,0.000
627913.000,40387.000,9028.000,1642.000,2768.000,3029.000,1184.000,900.000,60.000,74.000,100.000,0.000
254406.000,59385.000,4770.000,11420.000,9195.000,4736.000,2091.000,328.000,60.000,74.000,-331.000,0.000
649701.000,23955.000,5505.000,4261.000,14114.000,6996.000,1272.000,995.000,47.000,57.000,66.000,0.000
87474.000,5066.000,415.000,6126.000,916.000,992.000,490.000,348.000,50.000,56.000,58.000,0.000
951412.000,462365.000,144067.000,25683.000,42406.000,41757.000,7897.000,6755.000,40.000,75.000,118.000,0.000
223992.000,17526.000,2351.000,5223.000,3718.000,416.000,569.000,292.000,43.000,70.000,-44.000,0.000
167475.000,10518.000,14241.000,53394.000,21300.000,19265.000,5287.000,6121.000,30.000,77.000,-83.000,0.000
875819.000,138497.000,13516.000,30357.000,17570.000,21464.000,5880.000,7721.000,35.000,97.000,59.000,0.000
1262145.000,69969.000,3719.000,24078.000,10638.000,12414.000,3237.000,1173.000,37.000,81.000,-11.000,0.000
1695994.000,177054.000,3334.000,11554.000,7186.000,13614.000,2528.000,907.000,43.000,80.000,292.000,0.000
634572.000,34034.000,18810.000,6428.000,6859.000,9059.000,2832.000,637.000,56.000,61.000,18.000,0.000
176951.000,56081.000,23287.000,10257.000,7746.000,8257.000,3228.000,1099.000,51.000,48.000,-554.000,0.000
111341.000,17206.000,1197.000,3004.000,1075.000,1640.000,469.000,225.000,51.000,56.000,365.000,0.000
53873.000,50798.000,16633.000,12496.000,7018.000,3472.000,1574.000,1709.000,44.000,53.000,148.000,0.000
433817.000,42503.000,33966.000,20656.000,11433.000,7611.000,2749.000,5571.000,40.000,75.000,58.000,0.000
218111.000,42853.000,5642.000,4178.000,1378.000,1462.000,995.000,675.000,35.000,81.000,81.000,0.000
1285402.000,31630.000,12729.000,15025.000,12509.000,8715.000,1315.000,832.000,23.000,70.000,108.000,0.000
48280.000,39812.000,12440.000,2976.000,2794.000,1877.000,1764.000,2202.000,29.000,81.000,17.000,0.000
143832.000,38868.000,39579.000,51385.000,9384.000,7782.000,3767.000,3898.000,26.000,78.000,88.000,0.000
144391.000,59895.000,7130.000,2537.000,3257.000,1394.000,1072.000,492.000,24.000,84.000,55.000,0.000
123730.000,62949.000,26158.000,2678.000,29192.000,16211.000,6212.000,5363.000,20.000,80.000,86.000,0.000
180956.000,77174.000,73406.000,33392.000,15062.000,6640.000,5652.000,10754.000,21.000,70.000,58.000,0.000
169000.000,62629.000,2785.000,36021.000,16677.000,6278.000,2229.000,5786.000,21.000,81.000,21.000,0.000
59904.000,19720.000,5815.000,4915.000,6945.000,2437.000,807.000,1122.000,21.000,66.000,116.000,0.000
167439.000,22592.000,63791.000,26384.000,32241.000,9875.000,8111.000,3184.000,37.000,77.000,123.000,0.000
186028.000,25201.000,9389.000,3969.000,14925.000,2494.000,1684.000,954.000,29.000,93.000,-62.000,0.000
410843.000,241305.000,63297.000,19828.000,65402.000,18937.000,7680.000,10238.000,35.000,80.000,65.000,0.000
114562.000,62149.000,7597.000,9913.000,4337.000,3665.000,838.000,1252.000,35.000,75.000,241.000,0.000
271846.000,39433.000,2603.000,18752.000,15131.000,7237.000,4824.000,1489.000,29.000,70.000,-110.000,0.000
421025.000,44088.000,633.000,17695.000,22745.000,10820.000,4951.000,5082.000,34.000,54.000,-27.000,0.000
150110.000,7124.000,1225.000,4436.000,1075.000,4741.000,2277.000,754.000,41.000,51.000,112.000,0.000
134508.000,17990.000,1244.000,2148.000,8186.000,4169.000,681.000,222.000,57.000,56.000,22.000,0.000
320507.000,58293.000,78669.000,10534.000,17543.000,11142.000,3024.000,3009.000,70.000,48.000,0.000,0.000
1564871.000,8371.000,1868.000,19360.000,8087.000,7072.000,2466.000,1289.000,66.000,60.000,408.000,0.000
759440.000,44897.000,1954.000,8273.000,4502.000,11025.000,2089.000,618.000,69.000,77.000,85.000,0.000
235517.000,15829.000,1506.000,13297.000,8937.000,11641.000,3116.000,1020.000,63.000,64.000,242.000,0.000
94058.000,3959.000,820.000,429.000,6513.000,2006.000,589.000,250.000,69.000,78.000,90.000,0.000
78336.000,6247.000,1931.000,1835.000,1035.000,1217.000,479.000,281.000,84.000,53.000,-81.000,0.000
71596.000,23354.000,5159.000,25875.000,3133.000,6310.000,1670.000,918.000,80.000,44.000,49.000,0.000
913528.000,94176.000,26715.000,39596.000,10083.000,12540.000,16324.000,5491.000,75.000,63.000,-132.000,0.000
667714.000,203852.000,2625.000,12205.000,45988.000,27095.000,10510.000,7342.000,60.000,67.000,220.000,0.000
1043662.000,54646.000,7088.000,11894.000,12921.000,7980.000,1296.000,1814.000,50.000,61.000,-171.000,0.000
57398.000,8800.000,1118.000,1834.000,3182.000,3358.000,895.000,314.000,48.000,54.000,99.000,0.000
325250.000,41193.000,19435.000,9547.000,14952.000,14922.000,4001.000,5903.000,57.000,38.000,71.000,0.000
909394.000,46983.000,22793.000,18805.000,20022.000,9501.000,4170.000,2815.000,67.000,35.000,336.000,0.000
1714991.000,102186.000,139988.000,27747.000,24420.000,33790.000,3397.000,1753.000,67.000,35.000,235.000,0.000
510752.000,38530.000,15869.000,7106.000,3781.000,5215.000,2330.000,962.000,67.000,67.000,59.000,0.000
111936.000,8982.000,6778.000,4426.000,9401.000,2207.000,1219.000,833.000,64.000,75.000,-206.000,0.000
262497.000,74810.000,26396.000,17295.000,6136.000,12221.000,2083.000,3021.000,56.000,84.000,50.000,0.000
665242.000,70250.000,28212.000,14032.000,9028.000,8313.000,3539.000,1334.000,48.000,87.000,100.000,0.000
172793.000,14476.000,2109.000,5919.000,11657.000,8980.000,1734.000,564.000,44.000,78.000,165.000,0.000
57280.000,10470.000,7230.000,1979.000,2297.000,2109.000,1733.000,1114.000,60.000,69.000,-12.000,0.000
141574.000,395994.000,3006.000,16307.000,17306.000,12023.000,3337.000,5651.000,57.000,70.000,96.000,0.000
136530.000,39216.000,6963.000,3738.000,2635.000,7124.000,4190.000,2308.000,47.000,47.000,109.000,0.000
506332.000,104809.000,49906.000,42169.000,46401.000,29037.000,14171.000,3414.000,50.000,38.000,-87.000,0.000
678250.000,178496.000,50225.000,29110.000,25472.000,17485.000,7977.000,3641.000,40.000,47.000,-220.000,0.000
120344.000,49027.000,13583.000,9817.000,8887.000,2080.000,1944.000,1570.000,35.000,41.000,65.000,0.000
18624.000,20475.000,13064.000,6286.000,7182.000,3077.000,1688.000,1158.000,37.000,63.000,-8.000,0.000
146063.000,17591.000,12577.000,3214.000,3033.000,4614.000,4796.000,550.000,30.000,75.000,13.000,0.000
1225522.000,40082.000,27631.000,39772.000,33645.000,92892.000,4205.000,11237.000,29.000,77.000,-455.000,0.000
551561.000,61617.000,14189.000,13198.000,5076.000,5480.000,1480.000,591.000,54.000,78.000,-630.000,0.000
383832.000,14459.000,9432.000,5011.000,2036.000,3161.000,1143.000,698.000,61.000,78.000,375.000,0.000
773599.000,65771.000,11678.000,13194.000,14990.000,4138.000,2880.000,1982.000,63.000,81.000,150.000,0.000
1388701.000,43830.000,7449.000,7034.000,26509.000,4428.000,1569.000,1157.000,53.000,74.000,135.000,0.000
289875.000,28282.000,5341.000,13872.000,21253.000,7187.000,2389.000,546.000,29.000,64.000,-13.000,0.000
1688511.000,160661.000,98838.000,57955.000,34716.000,42869.000,5509.000,3173.000,40.000,63.000,49.000,0.000
458228.000,23502.000,1944.000,12487.000,6153.000,3276.000,872.000,1005.000,41.000,61.000,107.000,0.000
1131410.000,190290.000,14119.000,52468.000,19392.000,16212.000,9052.000,3624.000,47.000,66.000,-149.000,0.000
59669.000,67501.000,9848.000,15369.000,8823.000,5175.000,2445.000,577.000,44.000,70.000,77.000,0.000
148849.000,10661.000,1319.000,2824.000,847.000,1408.000,488.000,182.000,35.000,69.000,-226.000,0.000
1347726.000,709358.000,22668.000,105015.000,35609.000,43038.000,16352.000,11178.000,30.000,63.000,45.000,0.000
1136164.000,56030.000,64513.000,42100.000,28715.000,22020.000,8094.000,2198.000,27.000,53.000,102.000,0.000
102391.000,14214.000,9309.000,6305.000,5147.000,4630.000,550.000,1003.000,35.000,64.000,123.000,0.000
559551.000,209861.000,98885.000,69690.000,175208.000,74545.000,25720.000,10030.000,44.000,75.000,81.000,0.000
784691.000,222506.000,2392.000,22158.000,8169.000,13208.000,3255.000,1767.000,53.000,75.000,-217.000,0.000
276611.000,186932.000,27808.000,6055.000,10760.000,23942.000,6347.000,2769.000,51.000,67.000,33.000,0.000
45955.000,8036.000,5597.000,3146.000,1540.000,2398.000,1765.000,297.000,50.000,48.000,66.000,0.000
1668916.000,213561.000,3227.000,46984.000,20076.000,13706.000,11180.000,2502.000,48.000,50.000,9.000,0.000
48573.000,41136.000,7789.000,22904.000,4379.000,4110.000,1246.000,685.000,34.000,43.000,129.000,0.000
817140.000,232893.000,26785.000,51310.000,6706.000,14804.000,5808.000,3745.000,37.000,63.000,56.000,0.000
147682.000,5123.000,5590.000,5424.000,4179.000,1129.000,1843.000,392.000,27.000,69.000,-57.000,0.000
180513.000,134617.000,37202.000,24564.000,13110.000,18573.000,6669.000,2535.000,34.000,77.000,42.000,0.000
98136.000,6391.000,12551.000,1671.000,619.000,2592.000,1786.000,1130.000,38.000,70.000,100.000,0.000
253169.000,8878.000,7713.000,6470.000,4687.000,2477.000,1014.000,988.000,48.000,90.000,34.000,0.000
1460143.000,87547.000,50477.000,15589.000,11306.000,17557.000,5315.000,2792.000,43.000,100.000,177.000,0.000
230725.000,34166.000,5620.000,4087.000,15803.000,6685.000,1447.000,641.000,48.000,94.000,66.000,0.000
225866.000,101819.000,35934.000,25089.000,26137.000,28273.000,5381.000,4256.000,53.000,87.000,118.000,0.000
756602.000,87187.000,3263.000,2044.000,7184.000,8114.000,728.000,815.000,56.000,70.000,35.000,0.000
68074.000,1982.000,3545.000,4306.000,3105.000,3074.000,1970.000,731.000,54.000,41.000,-5.000,0.000
183939.000,54484.000,59003.000,58043.000,8609.000,12920.000,5012.000,3688.000,64.000,48.000,-23.000,0.000
1093414.000,86462.000,102356.000,37594.000,9678.000,21819.000,5854.000,4539.000,56.000,70.000,-18.000,0.000
741859.000,10451.000,53578.000,30652.000,6282.000,6364.000,5210.000,4906.000,51.000,83.000,23.000,0.000
86185.000,6989.000,2976.000,1380.000,2096.000,1361.000,1023.000,424.000,48.000,100.000,119.000,0.000
488080.000,30979.000,20099.000,8703.000,7657.000,6430.000,2508.000,824.000,38.000,100.000,344.000,0.000
139415.000,27724.000,3440.000,1852.000,2724.000,1211.000,402.000,367.000,41.000,93.000,76.000,0.000
70206.000,8745.000,2146.000,1209.000,2227.000,832.000,349.000,208.000,30.000,69.000,33.000,0.000
209538.000,45160.000,13323.000,20823.000,39338.000,9871.000,3707.000,2432.000,34.000,47.000,104.000,0.000
307132.000,400057.000,66298.000,38206.000,11699.000,9693.000,7691.000,1868.000,34.000,47.000,6.000,0.000
1837418.000,116748.000,10975.000,11052.000,23624.000,39672.000,4470.000,1662.000,16.000,37.000,117.000,0.000
950995.000,104995.000,48680.000,16585.000,59619.000,25868.000,19801.000,6076.000,37.000,35.000,-9.000,0.000
461930.000,40667.000,26521.000,19000.000,13786.000,5174.000,1675.000,1164.000,43.000,37.000,75.000,0.000
1150560.000,66022.000,6935.000,7233.000,17071.000,14939.000,2664.000,1307.000,37.000,43.000,-22.000,0.000
189364.000,31862.000,3346.000,12244.000,8386.000,6629.000,2898.000,1110.000,60.000,38.000,8.000,0.000
1237678.000,192476.000,67370.000,21298.000,27547.000,11813.000,6850.000,3673.000,53.000,48.000,109.000,0.000
171796.000,20578.000,5723.000,6557.000,15114.000,6996.000,1432.000,1020.000,40.000,48.000,10.000,0.000
928499.000,93475.000,3680.000,23472.000,22439.000,17264.000,7662.000,2939.000,51.000,38.000,-113.000,0.000
216766.000,21041.000,4225.000,11504.000,15342.000,5286.000,2657.000,1078.000,48.000,41.000,21.000,0.000
330421.000,55462.000,14563.000,4083.000,2816.000,3496.000,2536.000,678.000,50.000,41.000,342.000,0.000
583926.000,16843.000,7814.000,10937.000,7522.000,8388.000,4295.000,1224.000,50.000,40.000,-267.000,0.000
534780.000,40628.000,31235.000,5115.000,3945.000,6354.000,1243.000,672.000,53.000,47.000,-98.000,0.000
770408.000,612049.000,63029.000,14159.000,64169.000,53070.000,15321.000,5404.000,47.000,57.000,294.000,0.000
239966.000,24039.000,9326.000,5001.000,10751.000,3861.000,1024.000,1029.000,40.000,47.000,75.000,0.000
1025210.000,53148.000,6645.000,13380.000,23473.000,4467.000,2861.000,731.000,48.000,48.000,-37.000,0.000
747831.000,94564.000,18480.000,12563.000,36115.000,22362.000,17396.000,4242.000,35.000,41.000,98.000,0.000
2216937.000,158802.000,38874.000,25673.000,6212.000,11175.000,5300.000,12589.000,41.000,29.000,-434.000,0.000
373271.000,279191.000,124560.000,101449.000,93987.000,23227.000,19796.000,5323.000,38.000,41.000,37.000,0.000
198500.000,16652.000,27799.000,21923.000,7415.000,16396.000,2140.000,2085.000,29.000,44.000,944.000,0.000
320936.000,18387.000,1758.000,1270.000,2739.000,1201.000,1203.000,337.000,43.000,60.000,208.000,0.000
1000442.000,512371.000,37083.000,39419.000,62472.000,7995.000,23063.000,5400.000,34.000,56.000,-594.000,0.000
680341.000,38409.000,20089.000,5247.000,6525.000,3862.000,906.000,1314.000,21.000,47.000,-19.000,0.000
1787661.000,127920.000,9419.000,8825.000,10870.000,8049.000,1920.000,1783.000,24.000,47.000,133.000,0.000
474488.000,367417.000,53137.000,35629.000,28809.000,17906.000,7909.000,3540.000,10.000,24.000,85.000,0.000
245708.000,91084.000,12881.000,8861.000,8229.000,5044.000,1601.000,1680.000,7.000,27.000,-17.000,0.000
65298.000,91350.000,30309.000,16587.000,31348.000,22532.000,16014.000,2103.000,17.000,34.000,99.000,0.000
458120.000,26933.000,20451.000,17100.000,5180.000,5631.000,905.000,816.000,26.000,27.000,66.000,0.000
103511.000,11254.000,9061.000,17229.000,5443.000,4308.000,2699.000,1024.000,29.000,48.000,-55.000,0.000
148982.000,98041.000,108795.000,16020.000,26665.000,20050.000,5631.000,2473.000,40.000,63.000,40.000,0.000
492770.000,63917.000,54004.000,22584.000,17927.000,21119.000,7802.000,3700.000,47.000,78.000,67.000,0.000
136647.000,12683.000,5279.000,6109.000,4337.000,4524.000,1300.000,937.000,47.000,84.000,69.000,0.000
160979.000,27103.000,1877.000,9165.000,2458.000,6824.000,2590.000,916.000,54.000,80.000,89.000,0.000
205485.000,32507.000,1876.000,10294.000,2717.000,4180.000,1493.000,1248.000,57.000,66.000,8.000,0.000
304793.000,94836.000,23463.000,38273.000,13283.000,28308.000,5397.000,5405.000,60.000,56.000,-34.000,0.000
695538.000,292591.000,7692.000,54597.000,16056.000,26387.000,9836.000,3641.000,61.000,51.000,-28.000,0.000
1385066.000,115465.000,29186.000,13770.000,28681.000,40037.000,12953.000,964.000,53.000,41.000,99.000,0.000
24200.000,82776.000,27687.000,34151.000,35175.000,11733.000,8258.000,6114.000,56.000,40.000,-23.000,0.000
350321.000,49135.000,1780.000,14769.000,12082.000,4792.000,1899.000,1273.000,53.000,44.000,-19.000,0.000
260343.000,33491.000,10478.000,8951.000,8256.000,8566.000,974.000,1127.000,44.000,38.000,60.000,0.000
2123130.000,216233.000,78863.000,17729.000,31232.000,50609.000,10439.000,11465.000,53.000,44.000,-27.000,0.000
165526.000,16532.000,12271.000,5029.000,7313.000,5825.000,1483.000,1263.000,48.000,48.000,-8.000,0.000
15703.000,29658.000,9864.000,6383.000,8868.000,5125.000,3169.000,889.000,54.000,50.000,100.000,0.000
68189.000,29186.000,3617.000,3102.000,5664.000,7188.000,4101.000,1056.000,60.000,53.000,38.000,0.000
21646.000,28104.000,570.000,9674.000,13782.000,5190.000,1748.000,653.000,61.000,44.000,112.000,0.000
135976.000,50301.000,78150.000,22964.000,18580.000,23233.000,4761.000,2337.000,60.000,43.000,32.000,0.000
187165.000,97105.000,392.000,5181.000,23455.000,8751.000,2915.000,979.000,60.000,48.000,23.000,0.000
492556.000,61536.000,36160.000,25485.000,37897.000,26870.000,20178.000,7276.000,56.000,27.000,4.000,0.000
126717.000,27663.000,9251.000,2282.000,10607.000,3278.000,1566.000,1224.000,56.000,38.000,75.000,0.000
156682.000,40955.000,2069.000,5192.000,2171.000,1240.000,1059.000,937.000,51.000,40.000,116.000,0.000
67729.000,20182.000,14735.000,2860.000,3593.000,2018.000,1598.000,885.000,35.000,23.000,107.000,0.000
145309.000,162998.000,16573.000,46036.000,33552.000,18658.000,8366.000,1818.000,29.000,50.000,67.000,0.000
259251.000,97987.000,28294.000,36650.000,17467.000,23822.000,9794.000,11852.000,21.000,44.000,170.000,0.000
63336.000,45410.000,2940.000,9667.000,5737.000,5027.000,2962.000,835.000,27.000,50.000,195.000,0.000
134643.000,96057.000,4255.000,9736.000,7912.000,7608.000,3130.000,4028.000,38.000,51.000,106.000,0.000
204927.000,34629.000,17572.000,11342.000,11944.000,7318.000,1819.000,928.000,41.000,35.000,-5.000,0.000
491093.000,148752.000,27347.000,27759.000,28502.000,35301.000,26215.000,1704.000,43.000,41.000,6.000,0.000
220666.000,42251.000,9828.000,7006.000,11156.000,14258.000,3811.000,1367.000,44.000,37.000,211.000,0.000
47251.000,12929.000,3072.000,670.000,1892.000,2975.000,635.000,422.000,54.000,37.000,58.000,0.000
223236.000,12811.000,4076.000,1116.000,2657.000,1307.000,281.000,271.000,63.000,41.000,-42.000,0.000
3285407.000,91187.000,72743.000,62913.000,14216.000,33783.000,8513.000,5661.000,60.000,37.000,229.000,0.000
169768.000,72414.000,20651.000,12874.000,13630.000,5599.000,2799.000,886.000,57.000,48.000,-92.000,0.000
245787.000,242848.000,114425.000,67558.000,82400.000,52307.000,20129.000,3593.000,44.000,53.000,32.000,0.000
477283.000,102581.000,17926.000,40387.000,22951.000,29468.000,8324.000,3448.000,41.000,60.000,-12.000,0.000
1030794.000,170290.000,171058.000,168493.000,16861.000,29835.000,4047.000,2351.000,51.000,63.000,26.000,0.000
107701.000,23295.000,3461.000,9290.000,5132.000,3695.000,2770.000,790.000,41.000,66.000,53.000,0.000
266649.000,14444.000,7337.000,39106.000,18210.000,9825.000,7983.000,2978.000,48.000,66.000,36.000,0.000
556175.000,135663.000,24051.000,23797.000,19772.000,31987.000,6635.000,3417.000,50.000,74.000,101.000,0.000
146940.000,26047.000,26514.000,16981.000,14409.000,10725.000,4589.000,3139.000,50.000,69.000,141.000,0.000
174982.000,10580.000,4889.000,2219.000,1406.000,1554.000,1385.000,755.000,57.000,64.000,89.000,0.000
345976.000,27042.000,25990.000,8450.000,13658.000,16238.000,11529.000,3137.000,56.000,66.000,44.000,0.000
1454469.000,30738.000,23477.000,22911.000,6575.000,13533.000,17873.000,6958.000,61.000,61.000,74.000,0.000
76516.000,23131.000,9030.000,54534.000,5294.000,9658.000,7024.000,2390.000,61.000,75.000,53.000,0.000
67076.000,14691.000,4807.000,7138.000,1574.000,2336.000,538.000,1068.000,57.000,80.000,36.000,0.000
16895.000,11358.000,1542.000,3776.000,6464.000,1724.000,703.000,643.000,57.000,81.000,34.000,0.000
401734.000,55276.000,24469.000,157610.000,18316.000,24159.000,5341.000,1687.000,50.000,75.000,17.000,0.000
209739.000,64571.000,21738.000,23559.000,4511.000,2839.000,4192.000,5077.000,43.000,81.000,68.000,0.000
93407.000,23506.000,13149.000,32348.000,5940.000,15353.000,2850.000,4154.000,29.000,74.000,19.000,0.000
58524.000,40156.000,15299.000,5675.000,9900.000,8501.000,3612.000,386.000,38.000,78.000,458.000,0.000
1030586.000,19442.000,26058.000,3964.000,3500.000,6831.000,1685.000,2031.000,41.000,81.000,-166.000,0.000
251310.000,133408.000,21324.000,78650.000,15563.000,17283.000,3170.000,2348.000,44.000,75.000,99.000,0.000
123062.000,90026.000,26236.000,15643.000,6856.000,4637.000,1645.000,1376.000,54.000,74.000,39.000,0.000
595548.000,28231.000,2287.000,5123.000,8616.000,8636.000,1318.000,556.000,38.000,64.000,208.000,0.000
1327991.000,191459.000,8028.000,20332.000,27705.000,14372.000,19854.000,6403.000,43.000,56.000,43.000,0.000
391860.000,30844.000,8779.000,8294.000,13255.000,10329.000,1394.000,1002.000,37.000,37.000,563.000,0.000
440056.000,20571.000,1679.000,1154.000,3624.000,1931.000,462.000,503.000,47.000,30.000,99.000,0.000
471131.000,42860.000,17476.000,23772.000,5742.000,25476.000,5894.000,5425.000,56.000,20.000,59.000,0.000
58103.000,8555.000,9209.000,74695.000,12389.000,8020.000,3694.000,1689.000,57.000,30.000,73.000,0.000
484419.000,63577.000,974.000,21011.000,14864.000,19697.000,3479.000,1327.000,60.000,61.000,-11.000,0.000
24828.000,23110.000,3144.000,1848.000,7539.000,4297.000,1809.000,773.000,60.000,57.000,96.000,0.000
293609.000,102042.000,8940.000,13938.000,20267.000,10356.000,3068.000,2831.000,66.000,57.000,1.000,0.000
1120659.000,113634.000,14997.000,115448.000,13331.000,19052.000,8863.000,2261.000,53.000,48.000,-24.000,0.000
91474.000,60679.000,32485.000,38724.000,12557.000,8769.000,2468.000,695.000,53.000,37.000,-89.000,0.000
1566216.000,25037.000,5065.000,1676.000,1214.000,1390.000,277.000,119.000,40.000,50.000,134.000,0.000
104871.000,35556.000,10284.000,13035.000,2188.000,2550.000,1175.000,930.000,40.000,50.000,40.000,0.000
319370.000,21218.000,40347.000,4317.000,10336.000,10457.000,724.000,907.000,26.000,63.000,-82.000,0.000
744251.000,26556.000,9804.000,6933.000,15991.000,10485.000,3870.000,1013.000,34.000,80.000,183.000,0.000
372895.000,111150.000,67223.000,39465.000,31991.000,27545.000,7313.000,3504.000,43.000,70.000,144.000,0.000
897341.000,22122.000,9812.000,4679.000,3633.000,6406.000,831.000,573.000,50.000,67.000,104.000,0.000
90077.000,16151.000,13829.000,10401.000,5000.000,3263.000,802.000,782.000,64.000,66.000,92.000,0.000
388309.000,33246.000,3514.000,9045.000,4802.000,2241.000,3034.000,350.000,57.000,66.000,-118.000,0.000
1462696.000,280232.000,14299.000,37253.000,12446.000,36979.000,13526.000,4342.000,43.000,64.000,-19.000,0.000
267157.000,41088.000,25995.000,14043.000,2023.000,4831.000,2233.000,937.000,41.000,51.000,0.000,0.000
543110.000,120589.000,54078.000,20845.000,10399.000,13789.000,4164.000,2514.000,30.000,57.000,89.000,0.000
594090.000,76699.000,36836.000,25318.000,10044.000,10002.000,5973.000,2240.000,30.000,51.000,272.000,0.000
169063.000,53634.000,14519.000,6904.000,5695.000,8131.000,1956.000,1090.000,35.000,57.000,189.000,0.000
229710.000,130860.000,26553.000,15373.000,28964.000,29618.000,2926.000,1919.000,34.000,64.000,130.000,0.000
503441.000,304992.000,18905.000,51263.000,39637.000,18538.000,5618.000,2537.000,43.000,53.000,-40.000,0.000
927268.000,42045.000,8201.000,16488.000,45630.000,38185.000,9094.000,3739.000,40.000,43.000,-26.000,0.000
681757.000,117339.000,15913.000,9925.000,14149.000,8505.000,3018.000,3461.000,60.000,30.000,6.000,0.000
90488.000,46582.000,15201.000,12881.000,19437.000,7146.000,3165.000,2280.000,54.000,26.000,100.000,0.000
32306.000,49014.000,3763.000,23296.000,6541.000,5345.000,3981.000,3485.000,48.000,30.000,68.000,0.000
15503.000,5186.000,2757.000,3359.000,2306.000,1417.000,568.000,1307.000,51.000,40.000,64.000,0.000
42289.000,9432.000,29550.000,10006.000,7290.000,14557.000,2224.000,3194.000,37.000,50.000,9.000,0.000
3067.000,6579.000,3622.000,3219.000,1662.000,1642.000,545.000,568.000,53.000,67.000,40.000,0.000
45861.000,19777.000,12995.000,9212.000,4882.000,7780.000,1437.000,1451.000,54.000,74.000,80.000,0.000
138619.000,42432.000,3607.000,2757.000,6084.000,4368.000,4697.000,1794.000,64.000,77.000,93.000,0.000
167990.000,155322.000,7688.000,2219.000,16206.000,6407.000,1861.000,2767.000,48.000,48.000,74.000,0.000
19492.000,11916.000,3905.000,1136.000,3108.000,1896.000,862.000,595.000,37.000,24.000,93.000,0.000
77260.000,18572.000,10968.000,1747.000,2572.000,6608.000,5386.000,3612.000,30.000,16.000,82.000,0.000
121529.000,52307.000,4757.000,9504.000,7559.000,3745.000,5120.000,4178.000,41.000,21.000,117.000,0.000
139562.000,30023.000,3643.000,2056.000,3215.000,4987.000,573.000,296.000,35.000,26.000,-30.000,0.000
63958.000,8375.000,2641.000,16179.000,6651.000,2969.000,6010.000,4540.000,48.000,35.000,61.000,0.000
5270.000,6473.000,5383.000,2051.000,4276.000,2801.000,818.000,473.000,48.000,48.000,41.000,0.000
29978.000,20146.000,11779.000,8533.000,2761.000,5840.000,2646.000,2912.000,48.000,50.000,87.000,0.000
202435.000,164620.000,6154.000,12061.000,8915.000,7072.000,3979.000,2240.000,57.000,60.000,105.000,0.000
440472.000,82789.000,6730.000,4227.000,14702.000,8035.000,7187.000,3357.000,44.000,56.000,5.000,0.000
15538.000,9934.000,4937.000,2655.000,4100.000,6590.000,3797.000,3329.000,43.000,35.000,-3.000,0.000
14155.000,77186.000,11127.000,13752.000,8220.000,10856.000,1974.000,4410.000,50.000,30.000,88.000,0.000
6448.000,139938.000,77849.000,24702.000,3672.000,4513.000,1830.000,1916.000,47.000,23.000,58.000,0.000
17862.000,39485.000,26042.000,30618.000,6665.000,9345.000,2973.000,2463.000,40.000,41.000,24.000,0.000
83649.000,46197.000,9626.000,18373.000,7171.000,9076.000,5261.000,1354.000,41.000,61.000,29.000,0.000
4455.000,13739.000,7348.000,3638.000,2134.000,3495.000,582.000,712.000,29.000,63.000,35.000,0.000
51512.000,67145.000,5812.000,9222.000,3265.000,12291.000,3501.000,1136.000,34.000,69.000,-4.000,0.000
31673.000,5525.000,5409.000,6387.000,498.000,1350.000,2106.000,534.000,53.000,56.000,53.000,0.000
472701.000,52411.000,5547.000,7722.000,13032.000,8491.000,3161.000,3797.000,50.000,61.000,70.000,0.000
7640.000,16154.000,5055.000,23470.000,8676.000,4863.000,3241.000,3312.000,50.000,51.000,3.000,0.000
7207.000,25509.000,10619.000,17601.000,3005.000,10149.000,5230.000,2064.000,48.000,56.000,45.000,0.000
9485.000,27746.000,8407.000,13865.000,4313.000,9506.000,1512.000,1422.000,50.000,69.000,21.000,0.000
23277.000,15351.000,20691.000,12900.000,5038.000,5460.000,3524.000,2535.000,60.000,60.000,118.000,0.000
40395.000,19151.000,3735.000,2241.000,1559.000,6273.000,4422.000,6974.000,57.000,80.000,89.000,0.000
65467.000,44274.000,22994.000,11078.000,6502.000,10659.000,4292.000,2813.000,66.000,66.000,-2.000,0.000
40883.000,36347.000,10669.000,18752.000,9094.000,4919.000,1886.000,2247.000,63.000,64.000,50.000,0.000
18148.000,4958.000,2804.000,952.000,2194.000,2901.000,807.000,437.000,53.000,66.000,32.000,0.000
58983.000,26616.000,19499.000,13961.000,3769.000,11649.000,1356.000,3387.000,63.000,53.000,12.000,0.000
86907.000,145424.000,14896.000,5077.000,4633.000,7123.000,1920.000,3073.000,61.000,66.000,55.000,0.000
95049.000,44579.000,17852.000,21780.000,7611.000,5176.000,2512.000,1387.000,50.000,51.000,45.000,0.000
21815.000,16940.000,6695.000,9886.000,10049.000,3837.000,3291.000,3287.000,48.000,53.000,37.000,0.000
8535.000,12376.000,19335.000,6439.000,6252.000,5383.000,3588.000,5310.000,38.000,56.000,41.000,0.000
37001.000,22653.000,844.000,3755.000,10980.000,4508.000,3063.000,2309.000,35.000,57.000,42.000,0.000
7890.000,10323.000,10122.000,37196.000,5639.000,11959.000,5180.000,2412.000,48.000,57.000,38.000,0.000
6681.000,16268.000,4891.000,21735.000,4083.000,3863.000,4583.000,3197.000,57.000,66.000,57.000,0.000
14352.000,2908.000,1601.000,1383.000,2073.000,1326.000,890.000,644.000,57.000,75.000,18.000,0.000
8048.000,7720.000,4116.000,2278.000,4749.000,2529.000,348.000,569.000,63.000,66.000,77.000,0.000
216218.000,64752.000,24558.000,4250.000,16664.000,4552.000,5138.000,8319.000,63.000,78.000,19.000,0.000
44942.000,18148.000,8694.000,9713.000,11574.000,8032.000,2136.000,2551.000,50.000,63.000,65.000,0.000
25242.000,12671.000,1916.000,8432.000,7102.000,4723.000,1762.000,1381.000,57.000,54.000,48.000,0.000
10996.000,18174.000,13725.000,18436.000,3315.000,4535.000,3822.000,1588.000,57.000,54.000,54.000,0.000
12915.000,8698.000,26701.000,115206.000,7417.000,7407.000,1988.000,1248.000,51.000,64.000,90.000,0.000
2633.000,5076.000,2334.000,3785.000,1235.000,3751.000,867.000,899.000,51.000,87.000,37.000,0.000
57718.000,7664.000,4157.000,3258.000,2865.000,2783.000,890.000,871.000,54.000,87.000,26.000,0.000
117184.000,49038.000,6812.000,11248.000,4198.000,8392.000,1950.000,2138.000,53.000,84.000,51.000,0.000
14961.000,12114.000,3826.000,16109.000,2817.000,6215.000,2549.000,1981.000,56.000,67.000,55.000,0.000
242013.000,23429.000,29575.000,10376.000,7233.000,10444.000,3336.000,2551.000,69.000,53.000,-53.000,0.000
9602.000,2100.000,6989.000,9611.000,1495.000,1192.000,646.000,1027.000,63.000,56.000,129.000,0.000
41598.000,3831.000,4507.000,11507.000,6525.000,4877.000,3330.000,2198.000,53.000,74.000,42.000,0.000
146550.000,12939.000,12193.000,5679.000,1270.000,1379.000,2679.000,790.000,60.000,84.000,-49.000,0.000
478421.000,56014.000,13164.000,2662.000,14914.000,2025.000,4017.000,1493.000,44.000,87.000,182.000,0.000
1306334.000,52665.000,43681.000,25466.000,127001.000,24036.000,7384.000,15353.000,27.000,75.000,133.000,0.000
1176375.000,88742.000,28370.000,27945.000,30551.000,7142.000,6068.000,4565.000,38.000,54.000,156.000,0.000
511170.000,188671.000,19359.000,17370.000,26044.000,22587.000,26988.000,12419.000,29.000,38.000,122.000,0.000
838172.000,185436.000,21023.000,14212.000,44113.000,16705.000,35201.000,9672.000,43.000,35.000,6.000,0.000
1021143.000,169509.000,6799.000,41012.000,13308.000,12110.000,30211.000,11824.000,35.000,26.000,147.000,0.000
2016978.000,247776.000,51161.000,10242.000,18173.000,18404.000,18527.000,5056.000,29.000,23.000,208.000,0.000
1113560.000,95558.000,11011.000,2075.000,2230.000,2605.000,1805.000,1894.000,30.000,16.000,211.000,0.000
36430.000,17764.000,2953.000,591.000,3703.000,2994.000,3683.000,1076.000,16.000,16.000,92.000,0.000
968868.000,86980.000,30375.000,50020.000,18471.000,12677.000,5264.000,5217.000,21.000,16.000,22.000,0.000
87673.000,60426.000,14709.000,43746.000,13028.000,17609.000,7140.000,9328.000,24.000,24.000,-18.000,0.000
157285.000,16870.000,13395.000,20803.000,16896.000,12286.000,5786.000,5129.000,35.000,34.000,64.000,0.000
1616825.000,155636.000,31643.000,4369.000,8723.000,11380.000,5074.000,3579.000,56.000,48.000,1.000,0.000
1151321.000,59546.000,7207.000,20549.000,50192.000,40611.000,6609.000,14267.000,48.000,51.000,80.000,0.000
1550832.000,123824.000,10123.000,43007.000,19469.000,19641.000,6831.000,5383.000,66.000,41.000,161.000,0.000
18550.000,8213.000,921.000,8425.000,5184.000,4003.000,2231.000,1350.000,63.000,37.000,77.000,0.000
22270.000,32866.000,8531.000,9371.000,6515.000,10696.000,1328.000,3151.000,63.000,34.000,51.000,0.000
93538.000,18533.000,1045.000,3130.000,1047.000,2106.000,1277.000,226.000,75.000,37.000,75.000,0.000
2128.000,19454.000,54690.000,5548.000,4821.000,12529.000,5735.000,2765.000,60.000,38.000,40.000,0.000
172401.000,36471.000,18029.000,17965.000,2090.000,5826.000,2854.000,3188.000,63.000,51.000,82.000,0.000
88116.000,51092.000,12898.000,4696.000,9334.000,9842.000,6033.000,3096.000,53.000,54.000,40.000,0.000
35213.000,93520.000,29924.000,9879.000,4431.000,4526.000,2570.000,2638.000,50.000,53.000,125.000,0.000
19955.000,11559.000,12974.000,14727.000,5236.000,6154.000,3791.000,4623.000,38.000,57.000,6.000,0.000
19298.000,25545.000,728.000,2668.000,2521.000,1500.000,965.000,673.000,38.000,54.000,-33.000,0.000
82682.000,49311.000,7707.000,29661.000,9733.000,7149.000,11141.000,3166.000,34.000,38.000,51.000,0.000
330615.000,46972.000,17874.000,7191.000,6600.000,6726.000,4402.000,2798.000,27.000,44.000,97.000,0.000
630598.000,142233.000,30263.000,36479.000,7986.000,6177.000,3281.000,2658.000,40.000,44.000,107.000,0.000
16107.000,11582.000,1984.000,6888.000,2835.000,3816.000,1420.000,1206.000,23.000,38.000,43.000,0.000
31021.000,7256.000,11186.000,2894.000,15103.000,7618.000,3258.000,2609.000,37.000,50.000,28.000,0.000
31970.000,70932.000,27098.000,15406.000,10437.000,7087.000,6501.000,10920.000,51.000,48.000,52.000,0.000
27073.000,11562.000,1942.000,13814.000,1112.000,2195.000,246.000,381.000,47.000,50.000,89.000,0.000
136789.000,48785.000,14587.000,32753.000,11875.000,10491.000,4304.000,5134.000,56.000,56.000,80.000,0.000
74973.000,64774.000,18204.000,15472.000,32133.000,8759.000,5786.000,3785.000,51.000,60.000,44.000,0.000
18206.000,7140.000,3607.000,15884.000,2312.000,1973.000,2687.000,1322.000,38.000,56.000,87.000,0.000
114144.000,27927.000,5909.000,20919.000,4914.000,3198.000,2761.000,2326.000,40.000,66.000,26.000,0.000
1373476.000,128110.000,18050.000,13456.000,13888.000,13957.000,13499.000,1947.000,37.000,63.000,96.000,0.000
1975291.000,602779.000,44201.000,48390.000,62738.000,17275.000,8830.000,7407.000,34.000,54.000,-21.000,0.000
280716.000,191583.000,26635.000,29940.000,19140.000,12911.000,7092.000,10695.000,21.000,47.000,37.000,0.000
134288.000,20250.000,11229.000,9528.000,5330.000,3205.000,1212.000,1624.000,17.000,30.000,34.000,0.000
332880.000,90818.000,27303.000,50652.000,11427.000,18044.000,8405.000,2181.000,20.000,29.000,66.000,0.000
51327.000,45632.000,4043.000,2911.000,1512.000,3813.000,1162.000,564.000,21.000,40.000,130.000,0.000
23839.000,3722.000,12019.000,2537.000,3597.000,5369.000,3526.000,2198.000,30.000,40.000,64.000,0.000
72753.000,33386.000,805.000,11510.000,13038.000,5201.000,6396.000,3913.000,50.000,51.000,53.000,0.000
23899.000,5624.000,5815.000,3689.000,5314.000,1374.000,3604.000,1000.000,53.000,43.000,76.000,0.000
38512.000,17520.000,3748.000,26662.000,4731.000,5096.000,8189.000,1407.000,51.000,44.000,60.000,0.000
44477.000,28616.000,14483.000,12172.000,6582.000,3962.000,4923.000,3057.000,54.000,63.000,72.000,0.000
221897.000,86395.000,48616.000,13861.000,23424.000,28584.000,4193.000,4349.000,41.000,57.000,-5.000,0.000
42510.000,6655.000,2425.000,2189.000,2715.000,2646.000,1285.000,779.000,47.000,63.000,12.000,0.000
262109.000,37107.000,22429.000,10501.000,6947.000,3392.000,4694.000,4293.000,54.000,57.000,27.000,0.000
11141.000,14676.000,1454.000,810.000,5604.000,10729.000,3039.000,3842.000,48.000,56.000,19.000,0.000
11679.000,20047.000,9722.000,7523.000,3340.000,8968.000,6082.000,1979.000,67.000,37.000,88.000,0.000
42542.000,24616.000,19209.000,6513.000,4528.000,4485.000,5026.000,1762.000,69.000,38.000,101.000,0.000
2678.000,28273.000,14088.000,7591.000,11433.000,5966.000,5253.000,2147.000,61.000,41.000,84.000,0.000
22762.000,38842.000,10942.000,12465.000,7221.000,13032.000,7666.000,2799.000,51.000,60.000,-8.000,0.000
18426.000,9634.000,11634.000,13533.000,4467.000,15111.000,4299.000,6449.000,50.000,56.000,-1.000,0.000
24358.000,21099.000,6349.000,3710.000,13222.000,4745.000,3308.000,2908.000,64.000,57.000,54.000,0.000
19407.000,14869.000,5710.000,2346.000,2862.000,2364.000,5675.000,3278.000,69.000,47.000,72.000,0.000
5414.000,2357.000,704.000,1058.000,3343.000,1225.000,905.000,745.000,67.000,47.000,43.000,0.000
77238.000,11552.000,11413.000,3112.000,5539.000,17453.000,8345.000,1064.000,70.000,43.000,100.000,0.000
2844.000,2131.000,5935.000,1227.000,1103.000,1413.000,1657.000,811.000,77.000,37.000,65.000,0.000
34116.000,38447.000,8904.000,9370.000,13186.000,11293.000,7723.000,5950.000,77.000,51.000,36.000,0.000
15463.000,14003.000,2883.000,11560.000,6360.000,9105.000,5319.000,2343.000,83.000,48.000,58.000,0.000
20620.000,12869.000,12050.000,22560.000,4644.000,11602.000,10902.000,1662.000,84.000,53.000,39.000,0.000
12817.000,20035.000,7834.000,11252.000,7745.000,7221.000,6178.000,2196.000,75.000,61.000,60.000,0.000
9790.000,13206.000,4160.000,18620.000,4852.000,9972.000,7041.000,1595.000,78.000,53.000,67.000,0.000
25920.000,35381.000,604.000,6542.000,11230.000,10722.000,3616.000,4008.000,80.000,63.000,48.000,0.000
109802.000,14976.000,12005.000,7464.000,1603.000,2838.000,678.000,687.000,78.000,51.000,-52.000,0.000
164873.000,47655.000,5961.000,69436.000,13114.000,12332.000,7122.000,5227.000,66.000,51.000,48.000,0.000
52181.000,40112.000,12962.000,27979.000,7453.000,7668.000,2292.000,2536.000,60.000,56.000,53.000,0.000
28533.000,27725.000,6057.000,7679.000,6573.000,5707.000,8376.000,2930.000,50.000,54.000,72.000,0.000
49953.000,2731.000,1014.000,3624.000,2326.000,2336.000,1329.000,2839.000,44.000,63.000,23.000,0.000
32089.000,13361.000,2820.000,29953.000,14295.000,9157.000,6027.000,2985.000,57.000,60.000,10.000,0.000
28198.000,14896.000,12700.000,12040.000,5818.000,4946.000,4295.000,2942.000,64.000,57.000,64.000,0.000
5040.000,6782.000,8854.000,10930.000,3707.000,7189.000,3658.000,3302.000,66.000,61.000,88.000,0.000
22340.000,14367.000,9890.000,5990.000,6926.000,4248.000,5471.000,4354.000,75.000,70.000,41.000,0.000
351791.000,58566.000,19110.000,15142.000,2975.000,3854.000,9338.000,5398.000,66.000,70.000,80.000,0.000
9143.000,5553.000,2028.000,7300.000,2815.000,1538.000,1841.000,864.000,53.000,66.000,8.000,0.000
18641.000,11804.000,4315.000,8029.000,3811.000,2266.000,1436.000,401.000,51.000,66.000,41.000,0.000
9111.000,24075.000,3352.000,2650.000,6012.000,8405.000,4630.000,2347.000,47.000,56.000,88.000,0.000
28082.000,6042.000,4687.000,14340.000,5142.000,6217.000,5279.000,1855.000,64.000,47.000,91.000,0.000
15675.000,16777.000,44557.000,21362.000,6288.000,5653.000,3035.000,2564.000,74.000,47.000,75.000,0.000
47139.000,29919.000,8666.000,14272.000,4582.000,7621.000,7699.000,3191.000,60.000,63.000,27.000,0.000
11277.000,8143.000,5168.000,42877.000,10283.000,7062.000,4613.000,4713.000,63.000,61.000,98.000,0.000
68476.000,59068.000,2520.000,10948.000,11217.000,11375.000,6467.000,3317.000,54.000,81.000,160.000,0.000
138607.000,35198.000,19082.000,13938.000,17359.000,16739.000,11947.000,11779.000,51.000,66.000,64.000,0.000
4774.000,3687.000,944.000,2372.000,1296.000,1657.000,4299.000,386.000,63.000,54.000,56.000,0.000
6336.000,4288.000,1620.000,1864.000,1952.000,2127.000,1507.000,1341.000,67.000,53.000,50.000,0.000
106755.000,21227.000,7223.000,19731.000,6023.000,9054.000,3038.000,2301.000,75.000,40.000,43.000,0.000
23544.000,15303.000,2805.000,7352.000,10619.000,13265.000,7966.000,2630.000,77.000,53.000,45.000,0.000
58192.000,13809.000,2592.000,17712.000,1672.000,6008.000,3086.000,5416.000,83.000,47.000,41.000,0.000
11399.000,5711.000,2139.000,3872.000,16094.000,5415.000,3082.000,2166.000,80.000,51.000,58.000,0.000
15447.000,20263.000,6590.000,20809.000,6779.000,4655.000,7079.000,3162.000,84.000,47.000,80.000,0.000
