44677.000,15954.000,2618.000,1526.000,1761.000,1342.000,499.000,89735.000,0.000,0.000,140.000,0.000
69661.000,4860.000,372.000,1380.000,3273.000,2995.000,1340.000,81709.000,0.000,0.000,115.000,0.000
428048.000,61368.000,17521.000,6706.000,2719.000,1499.000,2816.000,83368.000,0.000,0.000,-103.000,0.000
1029403.000,79022.000,72293.000,4625.000,14064.000,6233.000,6791.000,334773.000,0.000,0.000,147.000,0.000
18203.000,26006.000,7526.000,42615.000,5473.000,8133.000,5203.000,348221.000,0.000,0.000,43.000,0.000
5944.000,28702.000,34812.000,21210.000,3221.000,4288.000,5792.000,334795.000,0.000,0.000,10.000,0.000
2077797.000,372724.000,5909.000,32328.000,11635.000,8376.000,6703.000,336476.000,0.000,0.000,146.000,0.000
424803.000,27111.000,10240.000,34079.000,8627.000,5074.000,4171.000,359805.000,0.000,0.000,32.000,0.000
238977.000,25953.000,5558.000,14764.000,22034.000,2867.000,1327.000,80677.000,0.000,0.000,-84.000,0.000
2367072.000,839007.000,417937.000,326372.000,357420.000,201435.000,74631.000,193487.000,0.000,0.000,19.000,0.000
1939490.000,140978.000,63633.000,19171.000,20189.000,21699.000,8904.000,8932.000,0.000,0.000,166.000,0.000
33018.000,19432.000,10858.000,9272.000,11351.000,4094.000,2078.000,3978.000,0.000,0.000,-2048.000,0.000
789479.000,62581.000,14922.000,39656.000,26957.000,14131.000,4846.000,2556.000,0.000,0.000,54.000,0.000
838103.000,1591470.000,684999.000,355756.000,230471.000,596465.000,577496.000,230011.000,0.000,0.000,-36.000,0.000
1420752.000,33220.000,16930.000,6516.000,5693.000,4717.000,1162.000,802.000,0.000,0.000,-276.000,0.000
1123188.000,139983.000,14628.000,7409.000,5530.000,5100.000,1478.000,754.000,0.000,0.000,56.000,0.000
243618.000,42612.000,2403.000,4799.000,1490.000,3147.000,2469.000,3222.000,0.000,0.000,697.000,0.000
207970.000,181760.000,65484.000,22256.000,12866.000,19898.000,9019.000,4779.000,0.000,0.000,-5.000,0.000
1148807.000,25651.000,10763.000,3066.000,4466.000,10859.000,12181.000,530.000,0.000,0.000,55.000,0.000
2059434.000,465958.000,74031.000,82790.000,43969.000,61892.000,17272.000,13242.000,0.000,0.000,672.000,0.000
2984470.000,130529.000,7122.000,4500.000,15343.000,14420.000,5071.000,1524.000,0.000,0.000,1112.000,0.000
725780.000,53739.000,8481.000,12714.000,28843.000,27139.000,1070.000,1550.000,0.000,0.000,69.000,0.000
593306.000,79451.000,22087.000,26728.000,13696.000,9864.000,1478.000,13546.000,0.000,0.000,-345.000,0.000
1375384.000,63755.000,14802.000,6680.000,4633.000,3004.000,438.000,47.000,0.000,0.000,196.000,0.000
695148.000,27763.000,2386.000,2070.000,2271.000,2974.000,1540.000,1143.000,0.000,0.000,164.000,0.000
26040.000,23694.000,11611.000,3975.000,10516.000,8963.000,2857.000,2173.000,0.000,0.000,437.000,0.000
1028846.000,185594.000,23444.000,77621.000,59936.000,31417.000,8849.000,12282.000,0.000,0.000,-376.000,0.000
679279.000,49207.000,19562.000,28545.000,11885.000,15353.000,3733.000,10410.000,0.000,0.000,1793.000,0.000
307214.000,10448.000,2893.000,2126.000,1671.000,1974.000,943.000,401.000,0.000,0.000,-50.000,0.000
1137551.000,598804.000,7808.000,33559.000,14156.000,35278.000,36276.000,44962.000,0.000,0.000,-85.000,0.000
721257.000,54784.000,8792.000,24063.000,32842.000,22579.000,8726.000,11380.000,30.000,30.000,23.000,0.000
1264608.000,188442.000,56418.000,90515.000,113652.000,65429.000,22369.000,58903.000,47.000,40.000,370.000,0.000
363125.000,284800.000,84657.000,97916.000,107722.000,65530.000,28398.000,25149.000,56.000,51.000,-1050.000,0.000
1288415.000,60341.000,38436.000,25508.000,32902.000,25433.000,9666.000,5534.000,56.000,51.000,-36.000,0.000
369868.000,18492.000,2546.000,7202.000,10626.000,16906.000,2833.000,4760.000,56.000,51.000,49.000,0.000
587486.000,108577.000,21486.000,17020.000,37126.000,29119.000,9041.000,1391.000,56.000,51.000,135.000,0.000
1022140.000,353451.000,24291.000,503255.000,249289.000,418107.000,325545.000,99727.000,56.000,51.000,-116.000,0.000
1490985.000,382703.000,173262.000,305689.000,197702.000,189351.000,101503.000,44258.000,56.000,51.000,59.000,0.000
1377731.000,478623.000,64900.000,48995.000,91234.000,63413.000,16021.000,9323.000,56.000,51.000,-360.000,0.000
1781427.000,215523.000,284809.000,111928.000,94514.000,132746.000,49514.000,42740.000,56.000,51.000,2047.000,0.000
796963.000,229260.000,23841.000,86446.000,165942.000,113529.000,14380.000,9897.000,56.000,51.000,-174.000,0.000
64322.000,26229.000,9203.000,6110.000,3634.000,1962.000,690.000,431.000,56.000,51.000,57.000,0.000
687420.000,107295.000,80369.000,84255.000,43507.000,60798.000,22147.000,16894.000,56.000,51.000,321.000,0.000
920677.000,72806.000,2631.000,1958.000,7528.000,12332.000,1758.000,581.000,56.000,51.000,133.000,0.000
1404727.000,1236644.000,349650.000,117759.000,566573.000,243118.000,261425.000,165199.000,56.000,51.000,-228.000,0.000
479969.000,31827.000,19992.000,5618.000,7818.000,6237.000,7329.000,2858.000,56.000,51.000,56.000,0.000
735059.000,210591.000,35881.000,129825.000,157062.000,241661.000,18065.000,16907.000,56.000,51.000,-1730.000,0.000
644821.000,196729.000,181128.000,157384.000,76237.000,38473.000,56504.000,42965.000,56.000,51.000,-643.000,0.000
1012951.000,300713.000,7701.000,60469.000,37855.000,34711.000,12472.000,3284.000,56.000,51.000,-601.000,0.000
892914.000,43262.000,37256.000,31781.000,41502.000,46466.000,14109.000,5447.000,56.000,51.000,20.000,0.000
3119151.000,370185.000,181672.000,65106.000,64768.000,61439.000,23404.000,9421.000,56.000,51.000,1462.000,0.000
394348.000,56782.000,16861.000,10314.000,12155.000,17253.000,22096.000,11281.000,56.000,51.000,60.000,0.000
680044.000,79657.000,52609.000,2309.000,53257.000,49786.000,15193.000,10997.000,56.000,51.000,56.000,0.000
1939297.000,155670.000,197890.000,214956.000,72566.000,248555.000,126164.000,64526.000,0.000,0.000,256.000,0.000
1093564.000,176620.000,110614.000,23460.000,22524.000,56456.000,11717.000,8297.000,0.000,0.000,56.000,0.000
348719.000,195600.000,47255.000,79765.000,50796.000,39160.000,20415.000,4375.000,0.000,0.000,117.000,0.000
1616684.000,386906.000,104300.000,207685.000,273572.000,265807.000,270561.000,83758.000,0.000,0.000,324.000,0.000
503180.000,114792.000,46485.000,39183.000,29339.000,57376.000,19428.000,17454.000,0.000,0.000,1104.000,0.000
949410.000,143643.000,176106.000,148297.000,40830.000,38269.000,33519.000,8523.000,0.000,0.000,2047.000,0.000
579612.000,314632.000,184231.000,114952.000,45859.000,10158.000,4277.000,4890.000,0.000,0.000,53.000,0.000
251620.000,88841.000,42586.000,15841.000,31696.000,31276.000,32640.000,12373.000,0.000,0.000,-27.000,0.000
1339926.000,1097977.000,15781.000,223632.000,317521.000,170413.000,266001.000,245951.000,0.000,0.000,-344.000,0.000
658960.000,737866.000,92142.000,41152.000,109169.000,183449.000,167257.000,135921.000,0.000,0.000,178.000,0.000
758300.000,1277020.000,1154897.000,837813.000,636932.000,637429.000,290589.000,409273.000,0.000,0.000,680.000,0.000
2104592.000,438119.000,293926.000,181115.000,227474.000,601828.000,306061.000,142378.000,0.000,0.000,49.000,0.000
515342.000,194497.000,53327.000,39242.000,80821.000,182192.000,225198.000,199105.000,0.000,0.000,625.000,0.000
139526.000,2466.000,3195.000,5021.000,5603.000,2924.000,4297.000,4500.000,0.000,0.000,58.000,0.000
632283.000,41913.000,32886.000,34283.000,47041.000,19622.000,33040.000,32559.000,0.000,0.000,-1820.000,0.000
107647.000,48928.000,18899.000,20063.000,35608.000,80212.000,22164.000,23016.000,0.000,0.000,2047.000,0.000
787278.000,46770.000,55263.000,71260.000,167936.000,108642.000,61602.000,60585.000,0.000,0.000,-1428.000,0.000
1214663.000,62107.000,90065.000,48604.000,56269.000,58917.000,63937.000,68879.000,0.000,0.000,347.000,0.000
575708.000,44166.000,10243.000,17553.000,37603.000,17295.000,39202.000,19853.000,0.000,0.000,-995.000,0.000
242282.000,137964.000,37133.000,52078.000,55830.000,94169.000,25923.000,32532.000,0.000,0.000,-2048.000,0.000
1039845.000,199830.000,75512.000,26753.000,106351.000,36880.000,74383.000,62334.000,0.000,0.000,-1618.000,0.000
201993.000,32690.000,1293.000,5846.000,7422.000,14086.000,11326.000,6374.000,0.000,0.000,-1638.000,0.000
160800.000,72388.000,22748.000,57030.000,34588.000,12419.000,6504.000,9638.000,0.000,0.000,-2048.000,0.000
1531255.000,272596.000,57848.000,127962.000,74676.000,103836.000,92634.000,34129.000,0.000,0.000,332.000,0.000
786390.000,54827.000,32154.000,23965.000,20980.000,15246.000,15836.000,2918.000,0.000,0.000,-1581.000,0.000
1484695.000,299841.000,19352.000,58038.000,214891.000,127427.000,75785.000,10216.000,0.000,0.000,611.000,0.000
121021.000,32741.000,6643.000,6272.000,8481.000,7890.000,3497.000,2173.000,0.000,0.000,-104.000,0.000
791927.000,109431.000,429168.000,77654.000,88527.000,166242.000,78824.000,44765.000,0.000,0.000,409.000,0.000
112509.000,39534.000,8526.000,30913.000,12985.000,37552.000,2867.000,3247.000,0.000,0.000,-456.000,0.000
2797373.000,87902.000,37687.000,47071.000,38822.000,54247.000,15195.000,11518.000,0.000,0.000,209.000,0.000
1134424.000,584312.000,42703.000,154809.000,192937.000,80018.000,48604.000,38170.000,0.000,0.000,-227.000,0.000
99953.000,27593.000,24048.000,6838.000,10530.000,6632.000,7390.000,8514.000,0.000,0.000,181.000,0.000
1896266.000,198822.000,71923.000,47525.000,55985.000,70232.000,18921.000,30619.000,0.000,0.000,747.000,0.000
412828.000,17807.000,5249.000,8591.000,2404.000,1847.000,1136.000,1000.000,67.000,50.000,81.000,0.000
400409.000,226413.000,762105.000,772420.000,189862.000,380531.000,112941.000,24955.000,67.000,50.000,-1240.000,0.000
2509972.000,1543793.000,270025.000,870950.000,228371.000,912342.000,545875.000,280224.000,67.000,50.000,-705.000,0.000
1863019.000,1405078.000,149764.000,391329.000,151754.000,253942.000,108229.000,12860.000,67.000,50.000,7.000,0.000
538320.000,1564618.000,338631.000,582058.000,460323.000,341395.000,344178.000,55254.000,67.000,50.000,92.000,0.000
637016.000,881097.000,94833.000,100148.000,285011.000,143863.000,101867.000,50962.000,74.000,54.000,-504.000,0.000
1917110.000,598847.000,36121.000,105339.000,164168.000,74034.000,18108.000,33892.000,54.000,34.000,220.000,0.000
1006214.000,26584.000,2851.000,6627.000,2222.000,2971.000,1463.000,714.000,37.000,11.000,54.000,0.000
601583.000,27747.000,4851.000,3047.000,5866.000,6218.000,829.000,251.000,37.000,11.000,56.000,0.000
79.000,6.000,3.000,10.000,9.000,3.000,0.000,0.000,37.000,11.000,58.000,0.000
1739465.000,321833.000,168031.000,124001.000,206364.000,145433.000,79209.000,54718.000,37.000,11.000,84.000,0.000
1395205.000,76663.000,14192.000,17726.000,29204.000,9864.000,3781.000,3749.000,37.000,11.000,-131.000,0.000
22265.000,79535.000,96853.000,77466.000,35526.000,10049.000,5451.000,3954.000,37.000,11.000,1081.000,0.000
443778.000,17562.000,2062.000,2763.000,5961.000,1539.000,425.000,553.000,37.000,11.000,56.000,0.000
12457.000,2008.000,671.000,681.000,183.000,467.000,401.000,407.000,37.000,11.000,19.000,0.000
766402.000,13471.000,3172.000,5453.000,665.000,1672.000,809.000,897.000,37.000,11.000,56.000,0.000
1378865.000,554626.000,87987.000,18162.000,15184.000,15357.000,13510.000,17885.000,37.000,11.000,57.000,0.000
2925834.000,239847.000,18757.000,18758.000,19480.000,17410.000,2267.000,3534.000,37.000,11.000,57.000,0.000
266350.000,29673.000,2074.000,1363.000,8801.000,6259.000,4092.000,3600.000,37.000,11.000,-552.000,0.000
748472.000,41324.000,8538.000,5653.000,14498.000,6516.000,1166.000,2157.000,37.000,11.000,587.000,0.000
1036347.000,993246.000,329205.000,128664.000,178742.000,172319.000,48127.000,32029.000,37.000,11.000,-631.000,0.000
1634406.000,57918.000,12617.000,15373.000,9066.000,5457.000,1734.000,1375.000,20.000,10.000,65.000,0.000
1106907.000,5387.000,3494.000,2186.000,649.000,1572.000,574.000,818.000,20.000,10.000,-43.000,0.000
119048.000,8799.000,6679.000,4511.000,2519.000,1255.000,436.000,1030.000,20.000,10.000,-663.000,0.000
585513.000,6457.000,11016.000,1188.000,2084.000,3777.000,781.000,657.000,3.000,17.000,314.000,0.000
267884.000,123766.000,17889.000,11314.000,12106.000,4679.000,2530.000,12531.000,23.000,35.000,560.000,0.000
738078.000,13205.000,3822.000,3089.000,3412.000,1988.000,689.000,1525.000,23.000,35.000,552.000,0.000
2062560.000,96546.000,12963.000,4508.000,4212.000,6299.000,1893.000,5816.000,23.000,35.000,534.000,0.000
965401.000,129648.000,15471.000,27518.000,10887.000,5112.000,1703.000,15490.000,23.000,35.000,253.000,0.000
867309.000,20509.000,2731.000,8754.000,11612.000,2061.000,250.000,4594.000,11.000,40.000,54.000,0.000
1182232.000,44266.000,9995.000,33488.000,10988.000,6798.000,3423.000,14925.000,13.000,40.000,117.000,0.000
1082403.000,173593.000,4098.000,7076.000,11399.000,6603.000,6086.000,39904.000,13.000,40.000,53.000,0.000
60668.000,128705.000,465.000,8545.000,14384.000,3663.000,957.000,9435.000,16.000,14.000,194.000,0.000
221415.000,111209.000,12683.000,53294.000,27521.000,14933.000,12306.000,70092.000,1.000,1.000,57.000,0.000
1366315.000,45455.000,36111.000,2913.000,12154.000,10549.000,2099.000,1057.000,1.000,1.000,525.000,0.000
589302.000,4042.000,930.000,2190.000,3005.000,631.000,84.000,126.000,1.000,1.000,58.000,0.000
75658.000,14933.000,2719.000,1834.000,1628.000,2888.000,2137.000,9549.000,1.000,1.000,20.000,0.000
168567.000,163100.000,35783.000,25665.000,26633.000,14055.000,7592.000,124364.000,1.000,1.000,-57.000,0.000
905188.000,35931.000,15655.000,20405.000,26644.000,7340.000,4672.000,28080.000,1.000,1.000,-41.000,0.000
1887275.000,352527.000,68211.000,50088.000,52950.000,56803.000,17307.000,114356.000,17.000,17.000,-118.000,0.000
244092.000,55062.000,2080.000,3898.000,572.000,2315.000,2053.000,9026.000,40.000,34.000,84.000,0.000
535745.000,92628.000,39614.000,7295.000,10076.000,21225.000,3787.000,38336.000,34.000,20.000,130.000,0.000
923051.000,8238.000,9690.000,23515.000,3403.000,11873.000,6666.000,33250.000,41.000,27.000,-51.000,0.000
955259.000,103431.000,52853.000,11457.000,14301.000,8162.000,7074.000,34292.000,54.000,40.000,-122.000,0.000
443089.000,133540.000,4454.000,9972.000,29569.000,4512.000,3297.000,30853.000,41.000,47.000,154.000,0.000
1278768.000,643956.000,118189.000,76105.000,67141.000,25803.000,30593.000,155532.000,37.000,44.000,-205.000,0.000
710429.000,41336.000,15638.000,7450.000,12296.000,8615.000,1133.000,9129.000,13.000,41.000,428.000,0.000
1375877.000,35636.000,6615.000,2527.000,4959.000,2485.000,2214.000,4876.000,3.000,26.000,-17.000,0.000
175603.000,105002.000,9068.000,13514.000,28877.000,13186.000,762.000,933.000,7.000,16.000,684.000,0.000
249541.000,45425.000,5006.000,4225.000,1610.000,671.000,398.000,201.000,7.000,16.000,57.000,0.000
1402287.000,1474947.000,150613.000,137546.000,164359.000,101225.000,66281.000,174593.000,7.000,16.000,-19.000,0.000
277281.000,32263.000,19816.000,9938.000,7224.000,5622.000,3917.000,31171.000,7.000,16.000,-100.000,0.000
2032324.000,472206.000,44833.000,99672.000,117451.000,20251.000,14687.000,135115.000,21.000,38.000,-51.000,0.000
1369046.000,47565.000,38705.000,20376.000,33115.000,13382.000,6372.000,28750.000,21.000,37.000,116.000,0.000
171137.000,47543.000,25205.000,6142.000,31003.000,8956.000,2954.000,6474.000,20.000,43.000,-1559.000,0.000
566268.000,13184.000,3264.000,3689.000,1247.000,1231.000,204.000,116.000,29.000,50.000,57.000,0.000
141.000,364.000,172.000,111.000,49.000,25.000,8.000,23.000,29.000,50.000,49.000,0.000
303614.000,114208.000,9613.000,16000.000,8787.000,18781.000,13532.000,11230.000,29.000,50.000,-118.000,0.000
123363.000,24962.000,5285.000,2351.000,2962.000,708.000,689.000,5727.000,38.000,37.000,53.000,0.000
350324.000,24171.000,13738.000,7934.000,6483.000,6762.000,2060.000,633.000,37.000,38.000,57.000,0.000
31.000,3.000,1.000,0.000,0.000,0.000,0.000,0.000,37.000,38.000,58.000,0.000
1337121.000,477031.000,90897.000,19384.000,75107.000,36472.000,22689.000,75483.000,37.000,38.000,395.000,0.000
964305.000,18900.000,18335.000,9444.000,16162.000,8777.000,3945.000,8526.000,37.000,38.000,1.000,0.000
1400505.000,91257.000,3904.000,36719.000,17379.000,10483.000,5240.000,30774.000,43.000,38.000,28.000,0.000
137101.000,48713.000,4102.000,23343.000,3194.000,2600.000,3920.000,6153.000,38.000,37.000,231.000,0.000
1011944.000,173617.000,36586.000,32247.000,23296.000,14134.000,7762.000,22458.000,20.000,48.000,-129.000,0.000
477454.000,81307.000,14054.000,7439.000,10825.000,1975.000,5703.000,2697.000,34.000,50.000,-2048.000,0.000
2232856.000,44079.000,6714.000,12506.000,33898.000,42478.000,15379.000,8728.000,34.000,50.000,200.000,0.000
571722.000,79870.000,11514.000,16478.000,12870.000,7962.000,2248.000,1407.000,34.000,50.000,58.000,0.000
415494.000,76091.000,39179.000,65858.000,27637.000,26582.000,8235.000,29565.000,34.000,50.000,-663.000,0.000
2087585.000,137183.000,1770.000,11637.000,18646.000,10193.000,1303.000,7113.000,27.000,51.000,213.000,0.000
192466.000,28465.000,9451.000,8561.000,13908.000,5257.000,4590.000,8446.000,27.000,51.000,-327.000,0.000
1759300.000,122383.000,10220.000,13583.000,15423.000,3048.000,2976.000,5322.000,34.000,53.000,-85.000,0.000
684600.000,39893.000,7915.000,363.000,6777.000,4206.000,2261.000,7131.000,27.000,41.000,-59.000,0.000
45655.000,59709.000,15352.000,3921.000,6266.000,5563.000,6972.000,9263.000,37.000,35.000,-56.000,0.000
718894.000,493424.000,199178.000,129209.000,43546.000,170670.000,43689.000,36589.000,27.000,24.000,-27.000,0.000
687486.000,10303.000,3392.000,6166.000,2528.000,3558.000,657.000,5788.000,38.000,26.000,358.000,0.000
183544.000,6547.000,2747.000,1524.000,5368.000,860.000,405.000,1604.000,67.000,40.000,83.000,0.000
414109.000,125137.000,36203.000,23517.000,28140.000,33096.000,14297.000,31472.000,67.000,40.000,89.000,0.000
1338911.000,185922.000,40797.000,50183.000,42356.000,58859.000,20067.000,15982.000,78.000,47.000,-155.000,0.000
671001.000,19382.000,14753.000,4874.000,28037.000,10349.000,2826.000,1005.000,93.000,48.000,77.000,0.000
24232.000,13168.000,991.000,1044.000,711.000,537.000,114.000,777.000,93.000,48.000,73.000,0.000
304146.000,188557.000,39231.000,4928.000,8318.000,8521.000,5112.000,16442.000,93.000,48.000,-690.000,0.000
190267.000,28282.000,5016.000,4307.000,2532.000,1076.000,577.000,2243.000,93.000,48.000,468.000,0.000
956721.000,45726.000,17153.000,12668.000,10712.000,4684.000,3388.000,7990.000,64.000,41.000,299.000,0.000
190221.000,5837.000,2749.000,7727.000,5925.000,4777.000,972.000,7182.000,51.000,41.000,26.000,0.000
252000.000,86867.000,22841.000,14685.000,17929.000,11379.000,7052.000,27201.000,56.000,48.000,-13.000,0.000
1671294.000,175116.000,50648.000,25461.000,38781.000,12395.000,3754.000,31141.000,44.000,48.000,295.000,0.000
664247.000,17830.000,8782.000,21252.000,10501.000,7029.000,1409.000,5371.000,53.000,50.000,-5.000,0.000
960829.000,8806.000,213.000,2077.000,451.000,708.000,248.000,435.000,64.000,54.000,27.000,0.000
118189.000,121448.000,84935.000,27728.000,8629.000,11789.000,7331.000,34129.000,64.000,54.000,-102.000,0.000
634041.000,23931.000,5982.000,2942.000,10412.000,3988.000,3599.000,29457.000,38.000,57.000,123.000,0.000
1072985.000,64869.000,23818.000,88413.000,101477.000,72634.000,22361.000,142466.000,41.000,54.000,248.000,0.000
1642212.000,23830.000,12253.000,2743.000,2556.000,7989.000,4073.000,35696.000,70.000,56.000,-68.000,0.000
1848047.000,110227.000,18725.000,15234.000,12779.000,6950.000,12084.000,30347.000,77.000,50.000,66.000,0.000
1398610.000,704541.000,90741.000,29284.000,19929.000,29810.000,13904.000,121834.000,77.000,38.000,138.000,0.000
153198.000,47779.000,6617.000,24732.000,13166.000,6727.000,5892.000,39159.000,61.000,35.000,19.000,0.000
1448215.000,12332.000,11853.000,11936.000,25287.000,38160.000,18460.000,139572.000,40.000,35.000,68.000,0.000
1533534.000,98674.000,298.000,15996.000,23819.000,10459.000,6457.000,30385.000,48.000,29.000,117.000,0.000
1117631.000,41559.000,7203.000,65410.000,20536.000,14798.000,3135.000,30986.000,51.000,21.000,-44.000,0.000
1535018.000,31456.000,12667.000,5308.000,12134.000,12135.000,5844.000,32095.000,63.000,40.000,-178.000,0.000
1096615.000,109247.000,14737.000,31240.000,19922.000,11063.000,9217.000,34078.000,66.000,37.000,-26.000,0.000
1115253.000,435375.000,238788.000,112662.000,47123.000,30909.000,10376.000,122408.000,38.000,37.000,97.000,0.000
614421.000,61303.000,6603.000,8058.000,18475.000,9214.000,3022.000,36004.000,29.000,56.000,133.000,0.000
245695.000,81608.000,27048.000,10229.000,16609.000,28503.000,6430.000,34753.000,27.000,38.000,179.000,0.000
2095039.000,809157.000,41700.000,129347.000,22110.000,85471.000,26550.000,122734.000,27.000,37.000,-33.000,0.000
1507794.000,189771.000,14813.000,49645.000,80678.000,53919.000,72889.000,138327.000,30.000,30.000,34.000,0.000
560091.000,822923.000,172310.000,154933.000,201788.000,70539.000,16540.000,134798.000,48.000,17.000,40.000,0.000
724065.000,342890.000,47086.000,49195.000,40233.000,29146.000,12731.000,135865.000,41.000,23.000,149.000,0.000
356694.000,30185.000,9474.000,7922.000,8876.000,3091.000,763.000,9195.000,29.000,21.000,-293.000,0.000
216900.000,29697.000,10716.000,4675.000,9020.000,6147.000,1085.000,7506.000,26.000,29.000,-3.000,0.000
432508.000,36170.000,13815.000,7287.000,16569.000,11115.000,3120.000,35769.000,21.000,37.000,436.000,0.000
2684449.000,42262.000,52377.000,19402.000,21093.000,13095.000,13816.000,24089.000,34.000,38.000,-10.000,0.000
81779.000,36544.000,14280.000,11462.000,12774.000,3757.000,1150.000,3819.000,40.000,53.000,-28.000,0.000
762767.000,14589.000,11347.000,4308.000,3001.000,2277.000,251.000,340.000,38.000,54.000,64.000,0.000
120491.000,20993.000,7815.000,3985.000,6471.000,984.000,174.000,623.000,38.000,54.000,58.000,0.000
1914191.000,632318.000,95176.000,61672.000,44166.000,23466.000,16501.000,54979.000,38.000,54.000,161.000,0.000
124329.000,41801.000,14138.000,1328.000,4676.000,4433.000,1854.000,7673.000,38.000,54.000,24.000,0.000
58537.000,23002.000,2899.000,871.000,3105.000,823.000,612.000,8639.000,30.000,53.000,74.000,0.000
1604840.000,164606.000,12558.000,24821.000,27993.000,29134.000,11336.000,161814.000,11.000,43.000,-129.000,0.000
827644.000,29649.000,22067.000,9775.000,7651.000,5466.000,6670.000,32411.000,14.000,26.000,115.000,0.000
1328911.000,58543.000,27488.000,23224.000,9627.000,16297.000,7776.000,27445.000,17.000,29.000,97.000,0.000
162547.000,67406.000,16855.000,8247.000,9164.000,4561.000,1964.000,35460.000,24.000,37.000,160.000,0.000
1306496.000,70729.000,10086.000,3657.000,15597.000,7663.000,6944.000,29899.000,29.000,47.000,-21.000,0.000
941818.000,126765.000,53462.000,39234.000,15654.000,14943.000,6450.000,30281.000,24.000,44.000,212.000,0.000
91242.000,31484.000,13283.000,10815.000,6527.000,3343.000,2866.000,8067.000,23.000,41.000,-117.000,0.000
856087.000,132877.000,23418.000,26061.000,14003.000,13427.000,7733.000,32480.000,13.000,41.000,-158.000,0.000
548184.000,71889.000,15578.000,15580.000,19072.000,12070.000,8365.000,32552.000,17.000,41.000,168.000,0.000
257060.000,20865.000,1372.000,7911.000,5925.000,4109.000,2350.000,7552.000,21.000,50.000,-106.000,0.000
981185.000,172018.000,19931.000,35588.000,25585.000,16517.000,18519.000,30701.000,29.000,41.000,66.000,0.000
697621.000,143536.000,33716.000,30273.000,46638.000,23887.000,7411.000,25842.000,30.000,34.000,237.000,0.000
141533.000,149294.000,15010.000,29246.000,8013.000,60548.000,22239.000,27169.000,37.000,30.000,26.000,0.000
1504319.000,250605.000,39019.000,43919.000,13579.000,75279.000,11279.000,28387.000,48.000,26.000,-184.000,0.000
2068972.000,251364.000,39263.000,88391.000,24600.000,54200.000,21010.000,23823.000,51.000,24.000,-43.000,0.000
1417247.000,139109.000,139052.000,47161.000,92140.000,41220.000,4792.000,20487.000,57.000,29.000,-142.000,0.000
1878227.000,916022.000,204296.000,300117.000,213409.000,197644.000,39774.000,107972.000,60.000,38.000,252.000,0.000
845568.000,386634.000,26663.000,6969.000,49034.000,35123.000,23367.000,29003.000,51.000,44.000,262.000,0.000
117335.000,23638.000,18209.000,7044.000,19611.000,23959.000,3531.000,6952.000,41.000,30.000,-233.000,0.000
199321.000,32598.000,20517.000,15411.000,12472.000,9678.000,8244.000,6472.000,54.000,30.000,-72.000,0.000
1607001.000,280831.000,24260.000,58598.000,130661.000,84839.000,55239.000,120011.000,54.000,30.000,157.000,0.000
1503607.000,177625.000,94187.000,79331.000,44280.000,80189.000,26405.000,125135.000,57.000,21.000,119.000,0.000
672409.000,114542.000,57260.000,34842.000,30205.000,23977.000,2638.000,33042.000,67.000,43.000,-588.000,0.000
480046.000,45797.000,29656.000,9181.000,8969.000,10052.000,1395.000,8319.000,53.000,48.000,188.000,0.000
893177.000,66087.000,73432.000,17516.000,17660.000,28969.000,8580.000,20265.000,51.000,48.000,22.000,0.000
918397.000,140520.000,9430.000,7395.000,11972.000,19553.000,4424.000,30949.000,50.000,64.000,265.000,0.000
85920.000,51377.000,7938.000,21053.000,8527.000,7007.000,1445.000,6330.000,43.000,48.000,293.000,0.000
139884.000,8063.000,2777.000,1475.000,1524.000,1279.000,495.000,1899.000,41.000,44.000,956.000,0.000
563759.000,13632.000,1563.000,2166.000,3117.000,1409.000,1039.000,379.000,40.000,41.000,42.000,0.000
777267.000,70073.000,15705.000,6554.000,36146.000,9120.000,5984.000,3250.000,40.000,41.000,-91.000,0.000
1771357.000,119238.000,7863.000,25187.000,19933.000,31350.000,10641.000,14241.000,30.000,24.000,-71.000,0.000
840651.000,148571.000,4167.000,15083.000,27531.000,9050.000,5261.000,3951.000,30.000,24.000,68.000,0.000
581944.000,15027.000,21790.000,24995.000,4360.000,8664.000,4338.000,1031.000,30.000,24.000,70.000,0.000
1127692.000,136093.000,15374.000,53769.000,16168.000,66797.000,16076.000,7690.000,30.000,24.000,-55.000,0.000
581690.000,86079.000,36910.000,44551.000,133861.000,135731.000,18016.000,10664.000,30.000,24.000,1784.000,0.000
159954.000,10329.000,21722.000,36168.000,11756.000,17420.000,11105.000,10325.000,30.000,24.000,73.000,0.000
1278174.000,1837062.000,250814.000,193303.000,723858.000,894377.000,454178.000,286519.000,30.000,24.000,-2048.000,0.000
1798852.000,121816.000,46020.000,77492.000,48923.000,120542.000,65943.000,29974.000,30.000,24.000,58.000,0.000
1557373.000,767500.000,67228.000,52767.000,124059.000,339282.000,307717.000,175478.000,30.000,24.000,278.000,0.000
1010934.000,42505.000,29008.000,14660.000,28478.000,19481.000,13797.000,2523.000,30.000,24.000,57.000,0.000
780588.000,273815.000,38024.000,13842.000,7894.000,29337.000,5152.000,7932.000,30.000,24.000,91.000,0.000
438432.000,48376.000,7756.000,22359.000,28606.000,57555.000,43755.000,31016.000,30.000,24.000,1836.000,0.000
817877.000,47308.000,63625.000,22708.000,48128.000,81329.000,27674.000,14497.000,30.000,24.000,-2048.000,0.000
1098372.000,176138.000,119251.000,321981.000,342673.000,134031.000,49910.000,30024.000,30.000,24.000,68.000,0.000
411285.000,913761.000,77960.000,98911.000,38973.000,125834.000,91447.000,45539.000,30.000,24.000,747.000,0.000
765506.000,25500.000,19570.000,7921.000,30692.000,12752.000,8672.000,4220.000,30.000,24.000,1411.000,0.000
769690.000,45900.000,17483.000,5749.000,5760.000,5187.000,2612.000,1593.000,30.000,24.000,105.000,0.000
2615772.000,66053.000,91094.000,163404.000,100056.000,108429.000,15825.000,8489.000,30.000,24.000,445.000,0.000
1289211.000,162054.000,136202.000,111195.000,46384.000,105239.000,25796.000,18064.000,30.000,24.000,1755.000,0.000
154265.000,18930.000,6842.000,1366.000,15913.000,6451.000,1113.000,503.000,30.000,24.000,178.000,0.000
618921.000,198022.000,9866.000,39457.000,68319.000,29956.000,23538.000,7893.000,30.000,24.000,107.000,0.000
1495993.000,670147.000,69431.000,75497.000,225614.000,121500.000,35782.000,22378.000,30.000,29.000,146.000,0.000
265727.000,104610.000,13845.000,27643.000,3065.000,8481.000,1985.000,1582.000,37.000,16.000,182.000,0.000
1752624.000,97825.000,15603.000,42032.000,115399.000,72877.000,21537.000,10548.000,37.000,16.000,-286.000,0.000
791796.000,242104.000,65470.000,98622.000,67200.000,56010.000,25786.000,8157.000,37.000,16.000,760.000,0.000
2369499.000,768302.000,117250.000,238499.000,722651.000,510463.000,258387.000,81757.000,37.000,16.000,1933.000,0.000
98786.000,9584.000,9803.000,9848.000,4430.000,7370.000,2765.000,1683.000,37.000,16.000,-823.000,0.000
756233.000,47078.000,18923.000,8674.000,18827.000,31347.000,12097.000,11907.000,37.000,16.000,522.000,0.000
369312.000,18559.000,5857.000,15956.000,3398.000,9752.000,2040.000,2222.000,53.000,13.000,484.000,0.000
3611824.000,286212.000,162520.000,35822.000,38443.000,42700.000,18404.000,29137.000,63.000,26.000,522.000,0.000
1626413.000,113144.000,51956.000,37559.000,22027.000,20503.000,2986.000,2427.000,60.000,40.000,330.000,0.000
1752707.000,139181.000,17286.000,16601.000,62810.000,22719.000,33094.000,32415.000,56.000,54.000,610.000,0.000
1144604.000,17768.000,23015.000,10881.000,4700.000,8855.000,3645.000,4045.000,43.000,48.000,489.000,0.000
1170471.000,26919.000,10421.000,6590.000,3036.000,3116.000,805.000,1413.000,38.000,60.000,58.000,0.000
446917.000,13841.000,22521.000,21657.000,12850.000,5205.000,1929.000,3529.000,38.000,60.000,122.000,0.000
815165.000,569245.000,352241.000,100572.000,264268.000,88611.000,49880.000,22560.000,35.000,67.000,908.000,0.000
1302579.000,110219.000,19077.000,23629.000,21360.000,7488.000,7398.000,2520.000,29.000,80.000,-140.000,0.000
190306.000,76730.000,17463.000,9040.000,19149.000,20781.000,1981.000,2446.000,26.000,67.000,-680.000,0.000
721223.000,176589.000,37875.000,74553.000,16241.000,28563.000,4647.000,1967.000,27.000,50.000,-5.000,0.000
355211.000,18576.000,17803.000,17895.000,22047.000,22394.000,24351.000,8638.000,27.000,50.000,950.000,0.000
667806.000,8495.000,6237.000,3534.000,5369.000,2119.000,875.000,225.000,43.000,40.000,168.000,0.000
2164842.000,1461140.000,73998.000,184094.000,300647.000,221539.000,162900.000,28772.000,43.000,40.000,-258.000,0.000
1281839.000,439158.000,71308.000,28820.000,197919.000,143985.000,84282.000,28559.000,48.000,26.000,-283.000,0.000
924390.000,118668.000,45890.000,58796.000,51545.000,55270.000,8660.000,6228.000,64.000,17.000,23.000,0.000
348199.000,242873.000,69100.000,15699.000,25523.000,55034.000,23439.000,4355.000,64.000,17.000,-124.000,0.000
1267544.000,62419.000,24644.000,22127.000,40454.000,34717.000,12864.000,5993.000,63.000,21.000,-104.000,0.000
1990894.000,1190578.000,62924.000,214104.000,238091.000,172394.000,70588.000,10652.000,61.000,14.000,-965.000,0.000
378407.000,68307.000,29303.000,42922.000,21917.000,31651.000,11505.000,6139.000,61.000,14.000,1608.000,0.000
884768.000,102125.000,27308.000,41969.000,21581.000,31185.000,22827.000,5156.000,61.000,14.000,-1668.000,0.000
917280.000,184844.000,129415.000,64987.000,93473.000,137340.000,133164.000,67283.000,61.000,14.000,-1437.000,0.000
714875.000,45047.000,1316.000,22261.000,24823.000,50908.000,9738.000,5074.000,61.000,14.000,592.000,0.000
118280.000,74792.000,29265.000,27249.000,35559.000,21786.000,5113.000,2056.000,61.000,14.000,149.000,0.000
1104709.000,36226.000,9872.000,34887.000,46309.000,22573.000,9687.000,7572.000,61.000,14.000,71.000,0.000
2070501.000,415744.000,201421.000,173701.000,214856.000,148536.000,79212.000,20272.000,61.000,14.000,53.000,0.000
398077.000,157750.000,23847.000,38479.000,20973.000,27660.000,9679.000,8402.000,61.000,14.000,-462.000,0.000
658238.000,7001.000,4206.000,2015.000,4980.000,3337.000,1830.000,1240.000,61.000,26.000,-120.000,0.000
1590531.000,611186.000,51510.000,493177.000,502986.000,275562.000,182748.000,42162.000,63.000,38.000,-661.000,0.000
1201294.000,653321.000,446436.000,265518.000,155233.000,409743.000,33871.000,16568.000,63.000,38.000,1879.000,0.000
229490.000,22301.000,18948.000,39290.000,17009.000,11602.000,7360.000,11011.000,63.000,38.000,-185.000,0.000
591616.000,9261.000,3793.000,2474.000,9548.000,6154.000,3342.000,552.000,63.000,38.000,-625.000,0.000
37980.000,30120.000,8286.000,7787.000,7120.000,4835.000,2047.000,601.000,70.000,38.000,1210.000,0.000
1054337.000,28357.000,12086.000,25069.000,18628.000,15637.000,3132.000,1567.000,60.000,40.000,694.000,0.000
1003653.000,184572.000,24674.000,14708.000,34061.000,101122.000,21663.000,7865.000,60.000,40.000,514.000,0.000
1874293.000,24348.000,30490.000,59132.000,83886.000,58879.000,12711.000,4827.000,60.000,40.000,-196.000,0.000
1630728.000,195553.000,210964.000,25029.000,37533.000,205590.000,28286.000,23728.000,60.000,40.000,-1095.000,0.000
2341802.000,214633.000,16783.000,16922.000,80958.000,40762.000,23158.000,14936.000,74.000,44.000,-254.000,0.000
2634048.000,153964.000,129905.000,121025.000,146518.000,175822.000,40745.000,23138.000,74.000,44.000,-502.000,0.000
499082.000,13148.000,6880.000,12490.000,5783.000,10211.000,2772.000,1304.000,78.000,47.000,59.000,0.000
1111399.000,1721645.000,53923.000,360852.000,95876.000,206447.000,115560.000,35248.000,78.000,47.000,790.000,0.000
438633.000,33476.000,5098.000,7644.000,11770.000,22958.000,11282.000,11884.000,61.000,44.000,263.000,0.000
264833.000,661054.000,33249.000,62514.000,40230.000,65076.000,110592.000,47812.000,61.000,44.000,-141.000,0.000
866913.000,331189.000,273178.000,85616.000,42566.000,275557.000,200228.000,10763.000,60.000,30.000,1126.000,0.000
273308.000,35086.000,38848.000,54540.000,86704.000,109121.000,33162.000,20869.000,60.000,30.000,76.000,0.000
1086918.000,568196.000,42956.000,73311.000,36091.000,799303.000,70036.000,19911.000,60.000,30.000,619.000,0.000
326145.000,36376.000,64630.000,3910.000,17292.000,52260.000,4930.000,3227.000,60.000,30.000,-217.000,0.000
1141167.000,271504.000,48201.000,97451.000,211778.000,97985.000,43486.000,6792.000,60.000,30.000,-862.000,0.000
2284936.000,155245.000,88631.000,10678.000,119523.000,29602.000,5696.000,10613.000,60.000,30.000,-451.000,0.000
1665022.000,433595.000,98654.000,93447.000,124151.000,159313.000,55318.000,24934.000,44.000,26.000,377.000,0.000
224909.000,75136.000,45534.000,42716.000,57087.000,84387.000,24842.000,10105.000,40.000,20.000,512.000,0.000
935014.000,218267.000,36345.000,72660.000,15599.000,55536.000,13981.000,3972.000,60.000,26.000,275.000,0.000
1647176.000,519280.000,214799.000,213194.000,109921.000,287479.000,37347.000,21500.000,66.000,38.000,8.000,0.000
1477135.000,102105.000,82512.000,61633.000,63201.000,31626.000,15368.000,8698.000,66.000,38.000,-114.000,0.000
1096014.000,61869.000,83823.000,50014.000,39215.000,25145.000,19847.000,7286.000,66.000,38.000,380.000,0.000
783411.000,119415.000,25430.000,45467.000,47081.000,83679.000,13296.000,8637.000,66.000,38.000,-697.000,0.000
886100.000,540561.000,258472.000,233421.000,144277.000,114063.000,23175.000,11799.000,66.000,38.000,-1464.000,0.000
530220.000,31680.000,24519.000,7585.000,29555.000,19926.000,2978.000,7093.000,66.000,38.000,-41.000,0.000
1407212.000,51104.000,6854.000,13494.000,30878.000,21598.000,10143.000,6152.000,66.000,38.000,-20.000,0.000
1937408.000,440918.000,72315.000,132806.000,141523.000,92442.000,39410.000,29063.000,66.000,38.000,-916.000,0.000
85157.000,10804.000,705.000,4279.000,7848.000,5035.000,5250.000,5430.000,66.000,38.000,-257.000,0.000
550620.000,6633.000,5772.000,7297.000,3600.000,789.000,759.000,2808.000,66.000,38.000,90.000,0.000
560245.000,3108.000,3346.000,2843.000,10150.000,1235.000,1204.000,1513.000,66.000,38.000,618.000,0.000
127527.000,21461.000,7014.000,3987.000,4790.000,3605.000,662.000,1497.000,67.000,41.000,-202.000,0.000
2278012.000,108949.000,47403.000,85697.000,69311.000,41694.000,14592.000,17904.000,60.000,44.000,192.000,0.000
2223140.000,212747.000,12403.000,44481.000,64379.000,53093.000,27051.000,23856.000,48.000,50.000,474.000,0.000
362481.000,13345.000,15952.000,22684.000,4075.000,4817.000,3863.000,3512.000,48.000,41.000,-12.000,0.000
1740349.000,175696.000,29060.000,107564.000,105766.000,70542.000,24504.000,24101.000,44.000,56.000,-61.000,0.000
323796.000,46555.000,22938.000,15747.000,28272.000,10403.000,5631.000,4534.000,51.000,60.000,288.000,0.000
605772.000,58628.000,3442.000,6550.000,14071.000,9808.000,2105.000,3731.000,48.000,54.000,-136.000,0.000
332510.000,232362.000,6317.000,29980.000,95742.000,80894.000,14960.000,19629.000,44.000,51.000,-67.000,0.000
2067020.000,620965.000,117760.000,220139.000,217105.000,176539.000,47452.000,18143.000,56.000,17.000,240.000,0.000
828427.000,468281.000,71082.000,35942.000,112253.000,44520.000,8948.000,14851.000,53.000,14.000,-602.000,0.000
64204.000,30265.000,3557.000,8770.000,3312.000,16320.000,3419.000,2905.000,53.000,14.000,-88.000,0.000
2008211.000,1005012.000,280313.000,473936.000,338503.000,158560.000,154025.000,142344.000,64.000,8.000,631.000,0.000
304402.000,12957.000,470.000,9021.000,4366.000,8763.000,3530.000,2647.000,61.000,24.000,-492.000,0.000
2163731.000,629097.000,58542.000,98347.000,231057.000,135816.000,36801.000,21821.000,64.000,41.000,465.000,0.000
307719.000,229643.000,66814.000,11779.000,54385.000,54062.000,8672.000,9897.000,66.000,30.000,-124.000,0.000
155957.000,76074.000,27124.000,21372.000,18654.000,11871.000,13829.000,9276.000,57.000,30.000,-98.000,0.000
1552468.000,141050.000,172601.000,125649.000,158362.000,119687.000,14224.000,20423.000,57.000,29.000,-360.000,0.000
994579.000,42681.000,5987.000,46124.000,52283.000,30463.000,3436.000,1767.000,53.000,37.000,37.000,0.000
658794.000,385500.000,86416.000,241845.000,254670.000,223994.000,34863.000,28076.000,60.000,48.000,944.000,0.000
179521.000,30336.000,13809.000,4752.000,56352.000,8745.000,4062.000,1090.000,64.000,53.000,802.000,0.000
430021.000,65994.000,40629.000,36398.000,23289.000,18358.000,4358.000,4135.000,64.000,53.000,-342.000,0.000
1107203.000,77082.000,64684.000,22178.000,101675.000,34258.000,9181.000,5536.000,64.000,53.000,235.000,0.000
133470.000,23841.000,10780.000,7299.000,10000.000,15841.000,2984.000,1164.000,64.000,53.000,-184.000,0.000
732167.000,171859.000,11138.000,31398.000,46810.000,31287.000,11518.000,23243.000,64.000,53.000,377.000,0.000
1008356.000,5727.000,14167.000,15047.000,15737.000,15557.000,2934.000,2972.000,70.000,43.000,135.000,0.000
2032791.000,1130711.000,133978.000,136914.000,118528.000,63665.000,9699.000,21463.000,77.000,43.000,236.000,0.000
90541.000,30067.000,2332.000,4154.000,1775.000,733.000,429.000,1765.000,56.000,37.000,-394.000,0.000
786835.000,51951.000,8790.000,12927.000,8219.000,3631.000,2230.000,7408.000,27.000,27.000,37.000,0.000
1084051.000,184831.000,8815.000,17180.000,25567.000,15037.000,10970.000,20771.000,16.000,37.000,355.000,0.000
1364478.000,136656.000,92364.000,75233.000,47693.000,38187.000,34730.000,23812.000,1.000,14.000,20.000,0.000
515547.000,48591.000,2777.000,1388.000,3872.000,5515.000,2778.000,4858.000,8.000,29.000,262.000,0.000
2809574.000,963780.000,107328.000,43190.000,112258.000,59174.000,28316.000,68033.000,24.000,17.000,60.000,0.000
65992.000,10624.000,1220.000,3308.000,5407.000,1712.000,2151.000,4907.000,24.000,10.000,116.000,0.000
556984.000,67746.000,22036.000,8613.000,5152.000,11837.000,12669.000,18531.000,29.000,17.000,-12.000,0.000
1446485.000,51545.000,2227.000,6202.000,4107.000,7938.000,1568.000,3096.000,27.000,10.000,513.000,0.000
614023.000,34875.000,15166.000,17432.000,9567.000,6638.000,2640.000,7846.000,30.000,16.000,-1580.000,0.000
887063.000,42956.000,19086.000,4690.000,4383.000,3090.000,1163.000,1859.000,37.000,34.000,24.000,0.000
208406.000,127136.000,88223.000,10289.000,38290.000,18829.000,26258.000,12618.000,37.000,34.000,-22.000,0.000
803893.000,49849.000,72207.000,15528.000,22799.000,36384.000,10220.000,12854.000,34.000,41.000,121.000,0.000
1343753.000,97930.000,53867.000,23323.000,44910.000,36151.000,8121.000,18735.000,41.000,50.000,320.000,0.000
1134673.000,244187.000,27267.000,21048.000,22674.000,6420.000,2656.000,17859.000,47.000,63.000,307.000,0.000
918940.000,37219.000,24948.000,19050.000,14672.000,3921.000,3546.000,23017.000,30.000,48.000,86.000,0.000
667504.000,79324.000,28331.000,13136.000,10085.000,11465.000,2740.000,22125.000,26.000,51.000,-142.000,0.000
125292.000,50010.000,10191.000,8924.000,5244.000,4058.000,3537.000,26375.000,16.000,47.000,204.000,0.000
932492.000,121838.000,6595.000,9345.000,39577.000,4714.000,1601.000,21583.000,3.000,41.000,197.000,0.000
1062338.000,197361.000,24210.000,53392.000,31172.000,11987.000,4294.000,20339.000,8.000,37.000,566.000,0.000
875362.000,29504.000,28982.000,8661.000,32686.000,17895.000,4290.000,4683.000,4.000,26.000,-308.000,0.000
2015296.000,107045.000,23231.000,26575.000,25541.000,33209.000,4006.000,18034.000,14.000,27.000,0.000,0.000
1196376.000,13653.000,2288.000,16820.000,4368.000,5220.000,2733.000,24826.000,29.000,27.000,136.000,0.000
131200.000,23392.000,10423.000,11365.000,6248.000,6140.000,1044.000,28240.000,47.000,51.000,279.000,0.000
123334.000,5725.000,3181.000,1570.000,2115.000,795.000,538.000,6031.000,57.000,57.000,49.000,0.000
593780.000,229786.000,17685.000,77700.000,71932.000,27347.000,17723.000,109875.000,44.000,57.000,93.000,0.000
560472.000,28702.000,9829.000,54496.000,10543.000,11803.000,28991.000,106174.000,13.000,54.000,277.000,0.000
403344.000,112174.000,9375.000,16355.000,4931.000,6585.000,2669.000,34551.000,13.000,63.000,9.000,0.000
824288.000,276880.000,16115.000,58871.000,25554.000,12268.000,22617.000,115284.000,8.000,51.000,89.000,0.000
233866.000,8137.000,7611.000,9325.000,2766.000,2106.000,239.000,3896.000,13.000,41.000,21.000,0.000
646139.000,15901.000,16858.000,14527.000,2768.000,5001.000,2470.000,1048.000,13.000,60.000,57.000,0.000
322482.000,9519.000,1649.000,1157.000,1302.000,1101.000,171.000,1020.000,13.000,60.000,120.000,0.000
261445.000,60217.000,23215.000,10592.000,15607.000,13747.000,5421.000,3523.000,13.000,60.000,-46.000,0.000
819770.000,52748.000,8028.000,37591.000,4899.000,18925.000,6952.000,5457.000,14.000,48.000,-145.000,0.000
1655774.000,195277.000,102779.000,21783.000,128212.000,11262.000,18242.000,26859.000,14.000,48.000,375.000,0.000
756548.000,200723.000,16739.000,21778.000,40115.000,25048.000,2428.000,24627.000,13.000,54.000,60.000,0.000
1202677.000,14768.000,4165.000,2464.000,3474.000,3595.000,339.000,2208.000,24.000,48.000,317.000,0.000
159374.000,6533.000,652.000,1349.000,7215.000,1414.000,532.000,5512.000,24.000,48.000,-97.000,0.000
853709.000,26238.000,11313.000,4108.000,6790.000,5431.000,1787.000,22645.000,30.000,23.000,108.000,0.000
78197.000,32708.000,5911.000,3309.000,9021.000,13409.000,2706.000,25505.000,27.000,23.000,268.000,0.000
1383401.000,6067.000,12449.000,6166.000,10773.000,3699.000,2028.000,24071.000,51.000,14.000,-20.000,0.000
944424.000,301880.000,61768.000,34975.000,24526.000,39565.000,11974.000,101160.000,56.000,35.000,10.000,0.000
895563.000,268643.000,36090.000,68170.000,53984.000,34449.000,10804.000,92438.000,50.000,41.000,-40.000,0.000
1522094.000,848290.000,202336.000,122455.000,47587.000,50994.000,22208.000,101232.000,48.000,38.000,74.000,0.000
235883.000,176681.000,96083.000,21793.000,21063.000,31176.000,4308.000,25971.000,26.000,44.000,518.000,0.000
73668.000,13591.000,8726.000,293.000,578.000,2078.000,581.000,1652.000,24.000,38.000,164.000,0.000
1171702.000,161719.000,43862.000,63091.000,91996.000,68024.000,28929.000,16446.000,24.000,47.000,113.000,0.000
930028.000,230287.000,23349.000,15614.000,26140.000,17049.000,9268.000,18138.000,35.000,50.000,1.000,0.000
769977.000,99016.000,12844.000,23562.000,24815.000,16712.000,11560.000,9091.000,38.000,40.000,-50.000,0.000
412149.000,170013.000,95480.000,29002.000,41814.000,80502.000,73039.000,33977.000,38.000,30.000,-758.000,0.000
660432.000,4675.000,6323.000,4656.000,948.000,722.000,374.000,569.000,38.000,30.000,-145.000,0.000
1718402.000,194799.000,108269.000,61457.000,33030.000,54839.000,14005.000,6612.000,38.000,30.000,-1862.000,0.000
989982.000,62151.000,11387.000,14239.000,11825.000,9352.000,578.000,1917.000,38.000,30.000,871.000,0.000
1884707.000,201286.000,26116.000,50878.000,34278.000,101181.000,22008.000,7208.000,38.000,30.000,-1365.000,0.000
1380772.000,480930.000,20865.000,143185.000,285561.000,182940.000,65497.000,52820.000,38.000,30.000,129.000,0.000
2813326.000,448982.000,68941.000,126451.000,97159.000,162471.000,47601.000,35989.000,38.000,30.000,99.000,0.000
217010.000,91551.000,5142.000,46028.000,45535.000,21938.000,7221.000,8206.000,48.000,23.000,82.000,0.000
2471185.000,234669.000,221681.000,148915.000,548714.000,469042.000,118906.000,20228.000,43.000,23.000,-593.000,0.000
1996884.000,173978.000,136871.000,91836.000,52826.000,48657.000,18726.000,9174.000,43.000,23.000,-2048.000,0.000
671222.000,18191.000,35576.000,42233.000,53025.000,37608.000,14180.000,9204.000,43.000,23.000,-522.000,0.000
1836835.000,265776.000,21049.000,59117.000,153425.000,86326.000,23746.000,13786.000,43.000,23.000,-481.000,0.000
594675.000,273830.000,26363.000,107608.000,95006.000,71956.000,17938.000,19350.000,43.000,23.000,532.000,0.000
1340353.000,325919.000,34427.000,103358.000,57800.000,107902.000,49855.000,32487.000,43.000,23.000,-1686.000,0.000
843759.000,100786.000,34408.000,11509.000,121737.000,84742.000,67359.000,39079.000,43.000,23.000,-1590.000,0.000
979809.000,68313.000,46170.000,12608.000,15668.000,17506.000,31596.000,4538.000,43.000,23.000,941.000,0.000
532538.000,89732.000,66436.000,19795.000,140751.000,43293.000,61598.000,19111.000,43.000,23.000,-700.000,0.000
915329.000,104385.000,79708.000,69319.000,34363.000,124239.000,29646.000,8525.000,43.000,23.000,-183.000,0.000
1902790.000,109547.000,56877.000,98252.000,78985.000,23090.000,11578.000,7661.000,43.000,23.000,945.000,0.000
1292343.000,83237.000,34586.000,42832.000,49568.000,53119.000,24836.000,16548.000,43.000,23.000,-840.000,0.000
437961.000,18980.000,33055.000,18767.000,10150.000,8944.000,1293.000,1061.000,43.000,23.000,-505.000,0.000
2174829.000,277514.000,3007.000,16556.000,8937.000,31417.000,18852.000,3970.000,43.000,23.000,-115.000,0.000
482145.000,155055.000,166619.000,113419.000,97335.000,52014.000,13917.000,6627.000,43.000,23.000,-1941.000,0.000
805521.000,532819.000,277928.000,331667.000,173564.000,24603.000,13116.000,15881.000,43.000,23.000,-2048.000,0.000
918706.000,52167.000,36105.000,48011.000,34147.000,15604.000,9236.000,6407.000,43.000,23.000,2047.000,0.000
584514.000,112391.000,73144.000,91057.000,23852.000,21042.000,5699.000,10013.000,43.000,23.000,1.000,0.000
1274153.000,428393.000,7395.000,38808.000,15486.000,31722.000,28142.000,15089.000,43.000,23.000,-474.000,0.000
815407.000,109889.000,30766.000,26137.000,48597.000,30179.000,6194.000,6784.000,43.000,23.000,1468.000,0.000
860201.000,79868.000,27979.000,9644.000,5869.000,4604.000,2046.000,661.000,43.000,23.000,23.000,0.000
559289.000,15534.000,5526.000,3266.000,665.000,3731.000,1070.000,1815.000,43.000,23.000,-2048.000,0.000
1729096.000,36128.000,3472.000,11834.000,29928.000,41227.000,20712.000,7851.000,43.000,23.000,939.000,0.000
